grid_cell,event,fulldate,cov_all,killing,box_duration,exp_duration
2,1,2015-09-01,0.6,0.9,210,30
2,2,2016-09-01,0.6,0.9,210,30
3,1,2015-09-01,0.6,0.9,210,30
3,2,2016-09-01,0.6,0.9,210,30
4,1,2015-09-01,0.6,0.9,210,30
4,2,2016-09-01,0.6,0.9,210,30
5,1,2015-09-01,0.6,0.9,210,30
5,2,2016-09-01,0.6,0.9,210,30
6,1,2015-09-01,0.6,0.9,210,30
6,2,2016-09-01,0.6,0.9,210,30
7,1,2015-09-01,0.6,0.9,210,30
7,2,2016-09-01,0.6,0.9,210,30
8,1,2015-09-01,0.6,0.9,210,30
8,2,2016-09-01,0.6,0.9,210,30
10,1,2015-09-01,0.6,0.9,210,30
10,2,2016-09-01,0.6,0.9,210,30
11,1,2015-09-01,0.6,0.9,210,30
11,2,2016-09-01,0.6,0.9,210,30
12,1,2015-09-01,0.6,0.9,210,30
12,2,2016-09-01,0.6,0.9,210,30
13,1,2015-09-01,0.6,0.9,210,30
13,2,2016-09-01,0.6,0.9,210,30
14,1,2015-09-01,0.6,0.9,210,30
14,2,2016-09-01,0.6,0.9,210,30
15,1,2015-09-01,0.6,0.9,210,30
15,2,2016-09-01,0.6,0.9,210,30
16,1,2015-09-01,0.6,0.9,210,30
16,2,2016-09-01,0.6,0.9,210,30
17,1,2015-09-01,0.6,0.9,210,30
17,2,2016-09-01,0.6,0.9,210,30
18,1,2015-09-01,0.6,0.9,210,30
18,2,2016-09-01,0.6,0.9,210,30
19,1,2015-09-01,0.6,0.9,210,30
19,2,2016-09-01,0.6,0.9,210,30
20,1,2015-09-01,0.6,0.9,210,30
20,2,2016-09-01,0.6,0.9,210,30
21,1,2015-09-01,0.6,0.9,210,30
21,2,2016-09-01,0.6,0.9,210,30
22,1,2015-09-01,0.6,0.9,210,30
22,2,2016-09-01,0.6,0.9,210,30
23,1,2015-09-01,0.6,0.9,210,30
23,2,2016-09-01,0.6,0.9,210,30
24,1,2015-09-01,0.6,0.9,210,30
24,2,2016-09-01,0.6,0.9,210,30
25,1,2015-09-01,0.6,0.9,210,30
26,1,2015-09-01,0.6,0.9,210,30
26,2,2016-09-01,0.6,0.9,210,30
27,1,2015-09-01,0.6,0.9,210,30
27,2,2016-09-01,0.6,0.9,210,30
28,1,2015-09-01,0.6,0.9,210,30
28,2,2016-09-01,0.6,0.9,210,30
29,1,2015-09-01,0.6,0.9,210,30
29,2,2016-09-01,0.6,0.9,210,30
30,1,2015-09-01,0.6,0.9,210,30
30,2,2016-09-01,0.6,0.9,210,30
31,1,2015-09-01,0.6,0.9,210,30
31,2,2016-09-01,0.6,0.9,210,30
32,1,2015-09-01,0.6,0.9,210,30
32,2,2016-09-01,0.6,0.9,210,30
33,1,2015-09-01,0.6,0.9,210,30
33,2,2016-09-01,0.6,0.9,210,30
34,1,2015-09-01,0.6,0.9,210,30
34,2,2016-09-01,0.6,0.9,210,30
35,1,2015-09-01,0.6,0.9,210,30
35,2,2016-09-01,0.6,0.9,210,30
36,1,2015-09-01,0.6,0.9,210,30
36,2,2016-09-01,0.6,0.9,210,30
37,1,2015-09-01,0.6,0.9,210,30
37,2,2016-09-01,0.6,0.9,210,30
38,1,2015-09-01,0.6,0.9,210,30
38,2,2016-09-01,0.6,0.9,210,30
39,1,2015-09-01,0.6,0.9,210,30
39,2,2016-09-01,0.6,0.9,210,30
40,1,2015-09-01,0.6,0.9,210,30
40,2,2016-09-01,0.6,0.9,210,30
41,1,2015-09-01,0.6,0.9,210,30
41,2,2016-09-01,0.6,0.9,210,30
42,1,2015-09-01,0.6,0.9,210,30
42,2,2016-09-01,0.6,0.9,210,30
43,1,2015-09-01,0.6,0.9,210,30
43,2,2016-09-01,0.6,0.9,210,30
44,1,2015-09-01,0.6,0.9,210,30
44,2,2016-09-01,0.6,0.9,210,30
45,1,2015-09-01,0.6,0.9,210,30
45,2,2016-09-01,0.6,0.9,210,30
46,1,2015-09-01,0.6,0.9,210,30
47,1,2015-09-01,0.6,0.9,210,30
47,2,2016-09-01,0.6,0.9,210,30
48,1,2015-09-01,0.6,0.9,210,30
48,2,2016-09-01,0.6,0.9,210,30
49,1,2015-09-01,0.6,0.9,210,30
49,2,2016-09-01,0.6,0.9,210,30
50,1,2015-09-01,0.6,0.9,210,30
50,2,2016-09-01,0.6,0.9,210,30
51,1,2015-09-01,0.6,0.9,210,30
51,2,2016-09-01,0.6,0.9,210,30
52,1,2015-09-01,0.6,0.9,210,30
52,2,2016-09-01,0.6,0.9,210,30
53,1,2015-09-01,0.6,0.9,210,30
53,2,2016-09-01,0.6,0.9,210,30
54,1,2015-09-01,0.6,0.9,210,30
54,2,2016-09-01,0.6,0.9,210,30
55,1,2015-09-01,0.6,0.9,210,30
55,2,2016-09-01,0.6,0.9,210,30
56,1,2015-09-01,0.6,0.9,210,30
56,2,2016-09-01,0.6,0.9,210,30
57,1,2015-09-01,0.6,0.9,210,30
57,2,2016-09-01,0.6,0.9,210,30
58,1,2015-09-01,0.6,0.9,210,30
58,2,2016-09-01,0.6,0.9,210,30
59,1,2015-09-01,0.6,0.9,210,30
59,2,2016-09-01,0.6,0.9,210,30
60,1,2015-09-01,0.6,0.9,210,30
60,2,2016-09-01,0.6,0.9,210,30
61,1,2015-09-01,0.6,0.9,210,30
61,2,2016-09-01,0.6,0.9,210,30
62,1,2015-09-01,0.6,0.9,210,30
62,2,2016-09-01,0.6,0.9,210,30
63,1,2015-09-01,0.6,0.9,210,30
63,2,2016-09-01,0.6,0.9,210,30
64,1,2015-09-01,0.6,0.9,210,30
64,2,2016-09-01,0.6,0.9,210,30
66,1,2015-09-01,0.6,0.9,210,30
66,2,2016-09-01,0.6,0.9,210,30
67,1,2015-09-01,0.6,0.9,210,30
67,2,2016-09-01,0.6,0.9,210,30
68,1,2015-09-01,0.6,0.9,210,30
68,2,2016-09-01,0.6,0.9,210,30
69,1,2015-09-01,0.6,0.9,210,30
70,1,2015-09-01,0.6,0.9,210,30
71,1,2015-09-01,0.6,0.9,210,30
71,2,2016-09-01,0.6,0.9,210,30
73,1,2015-09-01,0.6,0.9,210,30
73,2,2016-09-01,0.6,0.9,210,30
74,1,2015-09-01,0.6,0.9,210,30
74,2,2016-09-01,0.6,0.9,210,30
75,1,2015-09-01,0.6,0.9,210,30
75,2,2016-09-01,0.6,0.9,210,30
76,1,2015-09-01,0.6,0.9,210,30
76,2,2016-09-01,0.6,0.9,210,30
77,1,2015-09-01,0.6,0.9,210,30
77,2,2016-09-01,0.6,0.9,210,30
78,1,2015-09-01,0.6,0.9,210,30
78,2,2016-09-01,0.6,0.9,210,30
79,1,2015-09-01,0.6,0.9,210,30
80,1,2015-09-01,0.6,0.9,210,30
80,2,2016-09-01,0.6,0.9,210,30
81,1,2015-09-01,0.6,0.9,210,30
81,2,2016-09-01,0.6,0.9,210,30
82,1,2015-09-01,0.6,0.9,210,30
82,2,2016-09-01,0.6,0.9,210,30
83,1,2015-09-01,0.6,0.9,210,30
83,2,2016-09-01,0.6,0.9,210,30
84,1,2015-09-01,0.6,0.9,210,30
84,2,2016-09-01,0.6,0.9,210,30
86,1,2015-09-01,0.6,0.9,210,30
86,2,2016-09-01,0.6,0.9,210,30
87,1,2015-09-01,0.6,0.9,210,30
87,2,2016-09-01,0.6,0.9,210,30
88,1,2015-09-01,0.6,0.9,210,30
89,1,2015-09-01,0.6,0.9,210,30
89,2,2016-09-01,0.6,0.9,210,30
90,1,2015-09-01,0.6,0.9,210,30
90,2,2016-09-01,0.6,0.9,210,30
91,1,2015-09-01,0.6,0.9,210,30
91,2,2016-09-01,0.6,0.9,210,30
92,1,2015-09-01,0.6,0.9,210,30
92,2,2016-09-01,0.6,0.9,210,30
93,1,2015-09-01,0.6,0.9,210,30
93,2,2016-09-01,0.6,0.9,210,30
94,1,2015-09-01,0.6,0.9,210,30
94,2,2016-09-01,0.6,0.9,210,30
95,1,2015-09-01,0.6,0.9,210,30
95,2,2016-09-01,0.6,0.9,210,30
96,1,2015-09-01,0.6,0.9,210,30
96,2,2016-09-01,0.6,0.9,210,30
97,1,2015-09-01,0.6,0.9,210,30
97,2,2016-09-01,0.6,0.9,210,30
98,1,2015-09-01,0.6,0.9,210,30
98,2,2016-09-01,0.6,0.9,210,30
99,1,2015-09-01,0.6,0.9,210,30
99,2,2016-09-01,0.6,0.9,210,30
100,1,2015-09-01,0.6,0.9,210,30
100,2,2016-09-01,0.6,0.9,210,30
101,1,2015-09-01,0.6,0.9,210,30
102,1,2015-09-01,0.6,0.9,210,30
102,2,2016-09-01,0.6,0.9,210,30
103,1,2015-09-01,0.6,0.9,210,30
103,2,2016-09-01,0.6,0.9,210,30
104,1,2015-09-01,0.6,0.9,210,30
104,2,2016-09-01,0.6,0.9,210,30
105,1,2015-09-01,0.6,0.9,210,30
105,2,2016-09-01,0.6,0.9,210,30
106,1,2015-09-01,0.6,0.9,210,30
107,1,2015-09-01,0.6,0.9,210,30
107,2,2016-09-01,0.6,0.9,210,30
108,1,2015-09-01,0.6,0.9,210,30
108,2,2016-09-01,0.6,0.9,210,30
109,1,2015-09-01,0.6,0.9,210,30
109,2,2016-09-01,0.6,0.9,210,30
110,1,2015-09-01,0.6,0.9,210,30
111,1,2015-09-01,0.6,0.9,210,30
111,2,2016-09-01,0.6,0.9,210,30
113,1,2015-09-01,0.6,0.9,210,30
113,2,2016-09-01,0.6,0.9,210,30
114,1,2015-09-01,0.6,0.9,210,30
114,2,2016-09-01,0.6,0.9,210,30
115,1,2015-09-01,0.6,0.9,210,30
115,2,2016-09-01,0.6,0.9,210,30
117,1,2015-09-01,0.6,0.9,210,30
117,2,2016-09-01,0.6,0.9,210,30
118,1,2015-09-01,0.6,0.9,210,30
118,2,2016-09-01,0.6,0.9,210,30
119,1,2015-09-01,0.6,0.9,210,30
119,2,2016-09-01,0.6,0.9,210,30
120,1,2015-09-01,0.6,0.9,210,30
120,2,2016-09-01,0.6,0.9,210,30
121,1,2015-09-01,0.6,0.9,210,30
121,2,2016-09-01,0.6,0.9,210,30
122,1,2015-09-01,0.6,0.9,210,30
122,2,2016-09-01,0.6,0.9,210,30
123,1,2015-09-01,0.6,0.9,210,30
123,2,2016-09-01,0.6,0.9,210,30
124,1,2015-09-01,0.6,0.9,210,30
124,2,2016-09-01,0.6,0.9,210,30
125,1,2015-09-01,0.6,0.9,210,30
125,2,2016-09-01,0.6,0.9,210,30
126,1,2015-09-01,0.6,0.9,210,30
126,2,2016-09-01,0.6,0.9,210,30
127,1,2015-09-01,0.6,0.9,210,30
127,2,2016-09-01,0.6,0.9,210,30
128,1,2015-09-01,0.6,0.9,210,30
128,2,2016-09-01,0.6,0.9,210,30
129,1,2015-09-01,0.6,0.9,210,30
129,2,2016-09-01,0.6,0.9,210,30
130,1,2015-09-01,0.6,0.9,210,30
130,2,2016-09-01,0.6,0.9,210,30
131,1,2015-09-01,0.6,0.9,210,30
131,2,2016-09-01,0.6,0.9,210,30
132,1,2015-09-01,0.6,0.9,210,30
132,2,2016-09-01,0.6,0.9,210,30
133,1,2015-09-01,0.6,0.9,210,30
133,2,2016-09-01,0.6,0.9,210,30
134,1,2015-09-01,0.6,0.9,210,30
134,2,2016-09-01,0.6,0.9,210,30
135,1,2015-09-01,0.6,0.9,210,30
135,2,2016-09-01,0.6,0.9,210,30
136,1,2015-09-01,0.6,0.9,210,30
136,2,2016-09-01,0.6,0.9,210,30
137,1,2015-09-01,0.6,0.9,210,30
137,2,2016-09-01,0.6,0.9,210,30
138,1,2015-09-01,0.6,0.9,210,30
138,2,2016-09-01,0.6,0.9,210,30
139,1,2015-09-01,0.6,0.9,210,30
139,2,2016-09-01,0.6,0.9,210,30
140,1,2015-09-01,0.6,0.9,210,30
140,2,2016-09-01,0.6,0.9,210,30
141,1,2015-09-01,0.6,0.9,210,30
141,2,2016-09-01,0.6,0.9,210,30
142,1,2015-09-01,0.6,0.9,210,30
142,2,2016-09-01,0.6,0.9,210,30
143,1,2015-09-01,0.6,0.9,210,30
143,2,2016-09-01,0.6,0.9,210,30
144,1,2015-09-01,0.6,0.9,210,30
144,2,2016-09-01,0.6,0.9,210,30
145,1,2015-09-01,0.6,0.9,210,30
145,2,2016-09-01,0.6,0.9,210,30
146,1,2015-09-01,0.6,0.9,210,30
146,2,2016-09-01,0.6,0.9,210,30
147,1,2015-09-01,0.6,0.9,210,30
147,2,2016-09-01,0.6,0.9,210,30
148,1,2015-09-01,0.6,0.9,210,30
148,2,2016-09-01,0.6,0.9,210,30
149,1,2015-09-01,0.6,0.9,210,30
149,2,2016-09-01,0.6,0.9,210,30
150,1,2015-09-01,0.6,0.9,210,30
151,1,2015-09-01,0.6,0.9,210,30
152,1,2015-09-01,0.6,0.9,210,30
152,2,2016-09-01,0.6,0.9,210,30
153,1,2015-09-01,0.6,0.9,210,30
153,2,2016-09-01,0.6,0.9,210,30
154,1,2015-09-01,0.6,0.9,210,30
154,2,2016-09-01,0.6,0.9,210,30
155,1,2015-09-01,0.6,0.9,210,30
155,2,2016-09-01,0.6,0.9,210,30
156,1,2015-09-01,0.6,0.9,210,30
157,1,2015-09-01,0.6,0.9,210,30
157,2,2016-09-01,0.6,0.9,210,30
158,1,2015-09-01,0.6,0.9,210,30
158,2,2016-09-01,0.6,0.9,210,30
159,1,2015-09-01,0.6,0.9,210,30
159,2,2016-09-01,0.6,0.9,210,30
160,1,2015-09-01,0.6,0.9,210,30
160,2,2016-09-01,0.6,0.9,210,30
161,1,2015-09-01,0.6,0.9,210,30
161,2,2016-09-01,0.6,0.9,210,30
162,1,2015-09-01,0.6,0.9,210,30
162,2,2016-09-01,0.6,0.9,210,30
163,1,2015-09-01,0.6,0.9,210,30
163,2,2016-09-01,0.6,0.9,210,30
164,1,2015-09-01,0.6,0.9,210,30
164,2,2016-09-01,0.6,0.9,210,30
165,1,2015-09-01,0.6,0.9,210,30
165,2,2016-09-01,0.6,0.9,210,30
166,1,2015-09-01,0.6,0.9,210,30
166,2,2016-09-01,0.6,0.9,210,30
167,1,2015-09-01,0.6,0.9,210,30
167,2,2016-09-01,0.6,0.9,210,30
168,1,2015-09-01,0.6,0.9,210,30
168,2,2016-09-01,0.6,0.9,210,30
169,1,2015-09-01,0.6,0.9,210,30
171,1,2015-09-01,0.6,0.9,210,30
171,2,2016-09-01,0.6,0.9,210,30
172,1,2015-09-01,0.6,0.9,210,30
172,2,2016-09-01,0.6,0.9,210,30
173,1,2015-09-01,0.6,0.9,210,30
173,2,2016-09-01,0.6,0.9,210,30
174,1,2015-09-01,0.6,0.9,210,30
174,2,2016-09-01,0.6,0.9,210,30
175,1,2015-09-01,0.6,0.9,210,30
175,2,2016-09-01,0.6,0.9,210,30
176,1,2015-09-01,0.6,0.9,210,30
178,1,2015-09-01,0.6,0.9,210,30
178,2,2016-09-01,0.6,0.9,210,30
179,1,2015-09-01,0.6,0.9,210,30
179,2,2016-09-01,0.6,0.9,210,30
180,1,2015-09-01,0.6,0.9,210,30
180,2,2016-09-01,0.6,0.9,210,30
181,1,2015-09-01,0.6,0.9,210,30
181,2,2016-09-01,0.6,0.9,210,30
182,1,2015-09-01,0.6,0.9,210,30
182,2,2016-09-01,0.6,0.9,210,30
183,1,2015-09-01,0.6,0.9,210,30
183,2,2016-09-01,0.6,0.9,210,30
184,1,2015-09-01,0.6,0.9,210,30
184,2,2016-09-01,0.6,0.9,210,30
186,1,2015-09-01,0.6,0.9,210,30
186,2,2016-09-01,0.6,0.9,210,30
187,1,2015-09-01,0.6,0.9,210,30
187,2,2016-09-01,0.6,0.9,210,30
188,1,2015-09-01,0.6,0.9,210,30
188,2,2016-09-01,0.6,0.9,210,30
189,1,2015-09-01,0.6,0.9,210,30
189,2,2016-09-01,0.6,0.9,210,30
190,1,2015-09-01,0.6,0.9,210,30
190,2,2016-09-01,0.6,0.9,210,30
191,1,2015-09-01,0.6,0.9,210,30
191,2,2016-09-01,0.6,0.9,210,30
193,1,2015-09-01,0.6,0.9,210,30
194,1,2015-09-01,0.6,0.9,210,30
195,1,2015-09-01,0.6,0.9,210,30
196,1,2015-09-01,0.6,0.9,210,30
196,2,2016-09-01,0.6,0.9,210,30
197,1,2015-09-01,0.6,0.9,210,30
197,2,2016-09-01,0.6,0.9,210,30
198,1,2015-09-01,0.6,0.9,210,30
198,2,2016-09-01,0.6,0.9,210,30
199,1,2015-09-01,0.6,0.9,210,30
199,2,2016-09-01,0.6,0.9,210,30
200,1,2015-09-01,0.6,0.9,210,30
200,2,2016-09-01,0.6,0.9,210,30
201,1,2015-09-01,0.6,0.9,210,30
201,2,2016-09-01,0.6,0.9,210,30
202,1,2015-09-01,0.6,0.9,210,30
202,2,2016-09-01,0.6,0.9,210,30
203,1,2015-09-01,0.6,0.9,210,30
203,2,2016-09-01,0.6,0.9,210,30
204,1,2015-09-01,0.6,0.9,210,30
205,1,2015-09-01,0.6,0.9,210,30
205,2,2016-09-01,0.6,0.9,210,30
207,1,2015-09-01,0.6,0.9,210,30
207,2,2016-09-01,0.6,0.9,210,30
208,1,2015-09-01,0.6,0.9,210,30
208,2,2016-09-01,0.6,0.9,210,30
209,1,2015-09-01,0.6,0.9,210,30
209,2,2016-09-01,0.6,0.9,210,30
210,1,2015-09-01,0.6,0.9,210,30
210,2,2016-09-01,0.6,0.9,210,30
211,1,2015-09-01,0.6,0.9,210,30
211,2,2016-09-01,0.6,0.9,210,30
212,1,2015-09-01,0.6,0.9,210,30
212,2,2016-09-01,0.6,0.9,210,30
213,1,2015-09-01,0.6,0.9,210,30
213,2,2016-09-01,0.6,0.9,210,30
214,1,2015-09-01,0.6,0.9,210,30
214,2,2016-09-01,0.6,0.9,210,30
215,1,2015-09-01,0.6,0.9,210,30
215,2,2016-09-01,0.6,0.9,210,30
216,1,2015-09-01,0.6,0.9,210,30
216,2,2016-09-01,0.6,0.9,210,30
217,1,2015-09-01,0.6,0.9,210,30
217,2,2016-09-01,0.6,0.9,210,30
218,1,2015-09-01,0.6,0.9,210,30
218,2,2016-09-01,0.6,0.9,210,30
220,1,2015-09-01,0.6,0.9,210,30
220,2,2016-09-01,0.6,0.9,210,30
221,1,2015-09-01,0.6,0.9,210,30
221,2,2016-09-01,0.6,0.9,210,30
222,1,2015-09-01,0.6,0.9,210,30
222,2,2016-09-01,0.6,0.9,210,30
223,1,2015-09-01,0.6,0.9,210,30
223,2,2016-09-01,0.6,0.9,210,30
224,1,2015-09-01,0.6,0.9,210,30
224,2,2016-09-01,0.6,0.9,210,30
225,1,2015-09-01,0.6,0.9,210,30
225,2,2016-09-01,0.6,0.9,210,30
226,1,2015-09-01,0.6,0.9,210,30
227,1,2015-09-01,0.6,0.9,210,30
227,2,2016-09-01,0.6,0.9,210,30
228,1,2015-09-01,0.6,0.9,210,30
228,2,2016-09-01,0.6,0.9,210,30
230,1,2015-09-01,0.6,0.9,210,30
230,2,2016-09-01,0.6,0.9,210,30
231,1,2015-09-01,0.6,0.9,210,30
231,2,2016-09-01,0.6,0.9,210,30
232,1,2015-09-01,0.6,0.9,210,30
232,2,2016-09-01,0.6,0.9,210,30
233,1,2015-09-01,0.6,0.9,210,30
233,2,2016-09-01,0.6,0.9,210,30
234,1,2015-09-01,0.6,0.9,210,30
234,2,2016-09-01,0.6,0.9,210,30
235,1,2015-09-01,0.6,0.9,210,30
235,2,2016-09-01,0.6,0.9,210,30
236,1,2015-09-01,0.6,0.9,210,30
236,2,2016-09-01,0.6,0.9,210,30
237,1,2015-09-01,0.6,0.9,210,30
237,2,2016-09-01,0.6,0.9,210,30
238,1,2015-09-01,0.6,0.9,210,30
238,2,2016-09-01,0.6,0.9,210,30
239,1,2015-09-01,0.6,0.9,210,30
240,1,2015-09-01,0.6,0.9,210,30
240,2,2016-09-01,0.6,0.9,210,30
241,1,2015-09-01,0.6,0.9,210,30
241,2,2016-09-01,0.6,0.9,210,30
242,1,2015-09-01,0.6,0.9,210,30
242,2,2016-09-01,0.6,0.9,210,30
243,1,2015-09-01,0.6,0.9,210,30
243,2,2016-09-01,0.6,0.9,210,30
244,1,2015-09-01,0.6,0.9,210,30
244,2,2016-09-01,0.6,0.9,210,30
245,1,2015-09-01,0.6,0.9,210,30
245,2,2016-09-01,0.6,0.9,210,30
246,1,2015-09-01,0.6,0.9,210,30
246,2,2016-09-01,0.6,0.9,210,30
247,1,2015-09-01,0.6,0.9,210,30
247,2,2016-09-01,0.6,0.9,210,30
248,1,2015-09-01,0.6,0.9,210,30
248,2,2016-09-01,0.6,0.9,210,30
249,1,2015-09-01,0.6,0.9,210,30
249,2,2016-09-01,0.6,0.9,210,30
250,1,2015-09-01,0.6,0.9,210,30
250,2,2016-09-01,0.6,0.9,210,30
251,1,2015-09-01,0.6,0.9,210,30
251,2,2016-09-01,0.6,0.9,210,30
252,1,2015-09-01,0.6,0.9,210,30
252,2,2016-09-01,0.6,0.9,210,30
253,1,2015-09-01,0.6,0.9,210,30
253,2,2016-09-01,0.6,0.9,210,30
254,1,2015-09-01,0.6,0.9,210,30
254,2,2016-09-01,0.6,0.9,210,30
255,1,2015-09-01,0.6,0.9,210,30
255,2,2016-09-01,0.6,0.9,210,30
256,1,2015-09-01,0.6,0.9,210,30
256,2,2016-09-01,0.6,0.9,210,30
257,1,2015-09-01,0.6,0.9,210,30
257,2,2016-09-01,0.6,0.9,210,30
258,1,2015-09-01,0.6,0.9,210,30
258,2,2016-09-01,0.6,0.9,210,30
259,1,2015-09-01,0.6,0.9,210,30
259,2,2016-09-01,0.6,0.9,210,30
260,1,2015-09-01,0.6,0.9,210,30
260,2,2016-09-01,0.6,0.9,210,30
261,1,2015-09-01,0.6,0.9,210,30
261,2,2016-09-01,0.6,0.9,210,30
262,1,2015-09-01,0.6,0.9,210,30
262,2,2016-09-01,0.6,0.9,210,30
263,1,2015-09-01,0.6,0.9,210,30
263,2,2016-09-01,0.6,0.9,210,30
264,1,2015-09-01,0.6,0.9,210,30
264,2,2016-09-01,0.6,0.9,210,30
265,1,2015-09-01,0.6,0.9,210,30
265,2,2016-09-01,0.6,0.9,210,30
266,1,2015-09-01,0.6,0.9,210,30
266,2,2016-09-01,0.6,0.9,210,30
267,1,2015-09-01,0.6,0.9,210,30
267,2,2016-09-01,0.6,0.9,210,30
268,1,2015-09-01,0.6,0.9,210,30
268,2,2016-09-01,0.6,0.9,210,30
269,1,2015-09-01,0.6,0.9,210,30
269,2,2016-09-01,0.6,0.9,210,30
270,1,2015-09-01,0.6,0.9,210,30
270,2,2016-09-01,0.6,0.9,210,30
271,1,2015-09-01,0.6,0.9,210,30
271,2,2016-09-01,0.6,0.9,210,30
272,1,2015-09-01,0.6,0.9,210,30
272,2,2016-09-01,0.6,0.9,210,30
273,1,2015-09-01,0.6,0.9,210,30
274,1,2015-09-01,0.6,0.9,210,30
274,2,2016-09-01,0.6,0.9,210,30
275,1,2015-09-01,0.6,0.9,210,30
275,2,2016-09-01,0.6,0.9,210,30
276,1,2015-09-01,0.6,0.9,210,30
276,2,2016-09-01,0.6,0.9,210,30
277,1,2015-09-01,0.6,0.9,210,30
277,2,2016-09-01,0.6,0.9,210,30
278,1,2015-09-01,0.6,0.9,210,30
278,2,2016-09-01,0.6,0.9,210,30
279,1,2015-09-01,0.6,0.9,210,30
279,2,2016-09-01,0.6,0.9,210,30
280,1,2015-09-01,0.6,0.9,210,30
281,1,2015-09-01,0.6,0.9,210,30
281,2,2016-09-01,0.6,0.9,210,30
282,1,2015-09-01,0.6,0.9,210,30
282,2,2016-09-01,0.6,0.9,210,30
283,1,2015-09-01,0.6,0.9,210,30
283,2,2016-09-01,0.6,0.9,210,30
284,1,2015-09-01,0.6,0.9,210,30
284,2,2016-09-01,0.6,0.9,210,30
285,1,2015-09-01,0.6,0.9,210,30
285,2,2016-09-01,0.6,0.9,210,30
286,1,2015-09-01,0.6,0.9,210,30
286,2,2016-09-01,0.6,0.9,210,30
287,1,2015-09-01,0.6,0.9,210,30
287,2,2016-09-01,0.6,0.9,210,30
289,1,2015-09-01,0.6,0.9,210,30
289,2,2016-09-01,0.6,0.9,210,30
290,1,2015-09-01,0.6,0.9,210,30
290,2,2016-09-01,0.6,0.9,210,30
291,1,2015-09-01,0.6,0.9,210,30
291,2,2016-09-01,0.6,0.9,210,30
292,1,2015-09-01,0.6,0.9,210,30
292,2,2016-09-01,0.6,0.9,210,30
293,1,2015-09-01,0.6,0.9,210,30
293,2,2016-09-01,0.6,0.9,210,30
294,1,2015-09-01,0.6,0.9,210,30
294,2,2016-09-01,0.6,0.9,210,30
295,1,2015-09-01,0.6,0.9,210,30
295,2,2016-09-01,0.6,0.9,210,30
296,1,2015-09-01,0.6,0.9,210,30
297,1,2015-09-01,0.6,0.9,210,30
297,2,2016-09-01,0.6,0.9,210,30
298,1,2015-09-01,0.6,0.9,210,30
299,1,2015-09-01,0.6,0.9,210,30
299,2,2016-09-01,0.6,0.9,210,30
300,1,2015-09-01,0.6,0.9,210,30
300,2,2016-09-01,0.6,0.9,210,30
301,1,2015-09-01,0.6,0.9,210,30
301,2,2016-09-01,0.6,0.9,210,30
302,1,2015-09-01,0.6,0.9,210,30
303,1,2015-09-01,0.6,0.9,210,30
303,2,2016-09-01,0.6,0.9,210,30
304,1,2015-09-01,0.6,0.9,210,30
304,2,2016-09-01,0.6,0.9,210,30
305,1,2015-09-01,0.6,0.9,210,30
305,2,2016-09-01,0.6,0.9,210,30
306,1,2015-09-01,0.6,0.9,210,30
306,2,2016-09-01,0.6,0.9,210,30
307,1,2015-09-01,0.6,0.9,210,30
307,2,2016-09-01,0.6,0.9,210,30
308,1,2015-09-01,0.6,0.9,210,30
308,2,2016-09-01,0.6,0.9,210,30
309,1,2015-09-01,0.6,0.9,210,30
309,2,2016-09-01,0.6,0.9,210,30
310,1,2015-09-01,0.6,0.9,210,30
311,1,2015-09-01,0.6,0.9,210,30
311,2,2016-09-01,0.6,0.9,210,30
312,1,2015-09-01,0.6,0.9,210,30
312,2,2016-09-01,0.6,0.9,210,30
313,1,2015-09-01,0.6,0.9,210,30
313,2,2016-09-01,0.6,0.9,210,30
314,1,2015-09-01,0.6,0.9,210,30
314,2,2016-09-01,0.6,0.9,210,30
315,1,2015-09-01,0.6,0.9,210,30
316,1,2015-09-01,0.6,0.9,210,30
316,2,2016-09-01,0.6,0.9,210,30
317,1,2015-09-01,0.6,0.9,210,30
317,2,2016-09-01,0.6,0.9,210,30
318,1,2015-09-01,0.6,0.9,210,30
318,2,2016-09-01,0.6,0.9,210,30
319,1,2015-09-01,0.6,0.9,210,30
319,2,2016-09-01,0.6,0.9,210,30
320,1,2015-09-01,0.6,0.9,210,30
320,2,2016-09-01,0.6,0.9,210,30
321,1,2015-09-01,0.6,0.9,210,30
321,2,2016-09-01,0.6,0.9,210,30
322,1,2015-09-01,0.6,0.9,210,30
322,2,2016-09-01,0.6,0.9,210,30
323,1,2015-09-01,0.6,0.9,210,30
323,2,2016-09-01,0.6,0.9,210,30
324,1,2015-09-01,0.6,0.9,210,30
324,2,2016-09-01,0.6,0.9,210,30
325,1,2015-09-01,0.6,0.9,210,30
325,2,2016-09-01,0.6,0.9,210,30
326,1,2015-09-01,0.6,0.9,210,30
327,1,2015-09-01,0.6,0.9,210,30
327,2,2016-09-01,0.6,0.9,210,30
328,1,2015-09-01,0.6,0.9,210,30
328,2,2016-09-01,0.6,0.9,210,30
329,1,2015-09-01,0.6,0.9,210,30
329,2,2016-09-01,0.6,0.9,210,30
330,1,2015-09-01,0.6,0.9,210,30
330,2,2016-09-01,0.6,0.9,210,30
331,1,2015-09-01,0.6,0.9,210,30
331,2,2016-09-01,0.6,0.9,210,30
332,1,2015-09-01,0.6,0.9,210,30
332,2,2016-09-01,0.6,0.9,210,30
333,1,2015-09-01,0.6,0.9,210,30
333,2,2016-09-01,0.6,0.9,210,30
334,1,2015-09-01,0.6,0.9,210,30
334,2,2016-09-01,0.6,0.9,210,30
335,1,2015-09-01,0.6,0.9,210,30
335,2,2016-09-01,0.6,0.9,210,30
336,1,2015-09-01,0.6,0.9,210,30
336,2,2016-09-01,0.6,0.9,210,30
337,1,2015-09-01,0.6,0.9,210,30
337,2,2016-09-01,0.6,0.9,210,30
338,1,2015-09-01,0.6,0.9,210,30
338,2,2016-09-01,0.6,0.9,210,30
339,1,2015-09-01,0.6,0.9,210,30
339,2,2016-09-01,0.6,0.9,210,30
340,1,2015-09-01,0.6,0.9,210,30
340,2,2016-09-01,0.6,0.9,210,30
341,1,2015-09-01,0.6,0.9,210,30
341,2,2016-09-01,0.6,0.9,210,30
342,1,2015-09-01,0.6,0.9,210,30
342,2,2016-09-01,0.6,0.9,210,30
343,1,2015-09-01,0.6,0.9,210,30
343,2,2016-09-01,0.6,0.9,210,30
344,1,2015-09-01,0.6,0.9,210,30
344,2,2016-09-01,0.6,0.9,210,30
345,1,2015-09-01,0.6,0.9,210,30
345,2,2016-09-01,0.6,0.9,210,30
346,1,2015-09-01,0.6,0.9,210,30
348,1,2015-09-01,0.6,0.9,210,30
348,2,2016-09-01,0.6,0.9,210,30
349,1,2015-09-01,0.6,0.9,210,30
349,2,2016-09-01,0.6,0.9,210,30
350,1,2015-09-01,0.6,0.9,210,30
350,2,2016-09-01,0.6,0.9,210,30
351,1,2015-09-01,0.6,0.9,210,30
351,2,2016-09-01,0.6,0.9,210,30
352,1,2015-09-01,0.6,0.9,210,30
352,2,2016-09-01,0.6,0.9,210,30
353,1,2015-09-01,0.6,0.9,210,30
353,2,2016-09-01,0.6,0.9,210,30
354,1,2015-09-01,0.6,0.9,210,30
354,2,2016-09-01,0.6,0.9,210,30
355,1,2015-09-01,0.6,0.9,210,30
355,2,2016-09-01,0.6,0.9,210,30
356,1,2015-09-01,0.6,0.9,210,30
356,2,2016-09-01,0.6,0.9,210,30
357,1,2015-09-01,0.6,0.9,210,30
357,2,2016-09-01,0.6,0.9,210,30
358,1,2015-09-01,0.6,0.9,210,30
358,2,2016-09-01,0.6,0.9,210,30
359,1,2015-09-01,0.6,0.9,210,30
359,2,2016-09-01,0.6,0.9,210,30
360,1,2015-09-01,0.6,0.9,210,30
360,2,2016-09-01,0.6,0.9,210,30
361,1,2015-09-01,0.6,0.9,210,30
361,2,2016-09-01,0.6,0.9,210,30
362,1,2015-09-01,0.6,0.9,210,30
362,2,2016-09-01,0.6,0.9,210,30
363,1,2015-09-01,0.6,0.9,210,30
363,2,2016-09-01,0.6,0.9,210,30
364,1,2015-09-01,0.6,0.9,210,30
364,2,2016-09-01,0.6,0.9,210,30
365,1,2015-09-01,0.6,0.9,210,30
365,2,2016-09-01,0.6,0.9,210,30
366,1,2015-09-01,0.6,0.9,210,30
366,2,2016-09-01,0.6,0.9,210,30
367,1,2015-09-01,0.6,0.9,210,30
367,2,2016-09-01,0.6,0.9,210,30
368,1,2015-09-01,0.6,0.9,210,30
368,2,2016-09-01,0.6,0.9,210,30
369,1,2015-09-01,0.6,0.9,210,30
369,2,2016-09-01,0.6,0.9,210,30
371,1,2015-09-01,0.6,0.9,210,30
371,2,2016-09-01,0.6,0.9,210,30
372,1,2015-09-01,0.6,0.9,210,30
372,2,2016-09-01,0.6,0.9,210,30
374,1,2015-09-01,0.6,0.9,210,30
374,2,2016-09-01,0.6,0.9,210,30
375,1,2015-09-01,0.6,0.9,210,30
376,1,2015-09-01,0.6,0.9,210,30
376,2,2016-09-01,0.6,0.9,210,30
377,1,2015-09-01,0.6,0.9,210,30
377,2,2016-09-01,0.6,0.9,210,30
378,1,2015-09-01,0.6,0.9,210,30
380,1,2015-09-01,0.6,0.9,210,30
380,2,2016-09-01,0.6,0.9,210,30
381,1,2015-09-01,0.6,0.9,210,30
381,2,2016-09-01,0.6,0.9,210,30
382,1,2015-09-01,0.6,0.9,210,30
382,2,2016-09-01,0.6,0.9,210,30
383,1,2015-09-01,0.6,0.9,210,30
383,2,2016-09-01,0.6,0.9,210,30
384,1,2015-09-01,0.6,0.9,210,30
384,2,2016-09-01,0.6,0.9,210,30
385,1,2015-09-01,0.6,0.9,210,30
385,2,2016-09-01,0.6,0.9,210,30
386,1,2015-09-01,0.6,0.9,210,30
386,2,2016-09-01,0.6,0.9,210,30
387,1,2015-09-01,0.6,0.9,210,30
387,2,2016-09-01,0.6,0.9,210,30
388,1,2015-09-01,0.6,0.9,210,30
388,2,2016-09-01,0.6,0.9,210,30
390,1,2015-09-01,0.6,0.9,210,30
390,2,2016-09-01,0.6,0.9,210,30
391,1,2015-09-01,0.6,0.9,210,30
391,2,2016-09-01,0.6,0.9,210,30
392,1,2015-09-01,0.6,0.9,210,30
392,2,2016-09-01,0.6,0.9,210,30
393,1,2015-09-01,0.6,0.9,210,30
393,2,2016-09-01,0.6,0.9,210,30
394,1,2015-09-01,0.6,0.9,210,30
394,2,2016-09-01,0.6,0.9,210,30
395,1,2015-09-01,0.6,0.9,210,30
395,2,2016-09-01,0.6,0.9,210,30
396,1,2015-09-01,0.6,0.9,210,30
396,2,2016-09-01,0.6,0.9,210,30
397,1,2015-09-01,0.6,0.9,210,30
397,2,2016-09-01,0.6,0.9,210,30
398,1,2015-09-01,0.6,0.9,210,30
398,2,2016-09-01,0.6,0.9,210,30
399,1,2015-09-01,0.6,0.9,210,30
399,2,2016-09-01,0.6,0.9,210,30
400,1,2015-09-01,0.6,0.9,210,30
400,2,2016-09-01,0.6,0.9,210,30
401,1,2015-09-01,0.6,0.9,210,30
401,2,2016-09-01,0.6,0.9,210,30
402,1,2015-09-01,0.6,0.9,210,30
402,2,2016-09-01,0.6,0.9,210,30
403,1,2015-09-01,0.6,0.9,210,30
403,2,2016-09-01,0.6,0.9,210,30
404,1,2015-09-01,0.6,0.9,210,30
404,2,2016-09-01,0.6,0.9,210,30
405,1,2015-09-01,0.6,0.9,210,30
405,2,2016-09-01,0.6,0.9,210,30
408,1,2015-09-01,0.6,0.9,210,30
408,2,2016-09-01,0.6,0.9,210,30
409,1,2015-09-01,0.6,0.9,210,30
409,2,2016-09-01,0.6,0.9,210,30
410,1,2015-09-01,0.6,0.9,210,30
410,2,2016-09-01,0.6,0.9,210,30
412,1,2015-09-01,0.6,0.9,210,30
412,2,2016-09-01,0.6,0.9,210,30
413,1,2015-09-01,0.6,0.9,210,30
413,2,2016-09-01,0.6,0.9,210,30
414,1,2015-09-01,0.6,0.9,210,30
414,2,2016-09-01,0.6,0.9,210,30
415,1,2015-09-01,0.6,0.9,210,30
415,2,2016-09-01,0.6,0.9,210,30
416,1,2015-09-01,0.6,0.9,210,30
416,2,2016-09-01,0.6,0.9,210,30
417,1,2015-09-01,0.6,0.9,210,30
417,2,2016-09-01,0.6,0.9,210,30
418,1,2015-09-01,0.6,0.9,210,30
418,2,2016-09-01,0.6,0.9,210,30
419,1,2015-09-01,0.6,0.9,210,30
419,2,2016-09-01,0.6,0.9,210,30
420,1,2015-09-01,0.6,0.9,210,30
420,2,2016-09-01,0.6,0.9,210,30
421,1,2015-09-01,0.6,0.9,210,30
421,2,2016-09-01,0.6,0.9,210,30
423,1,2015-09-01,0.6,0.9,210,30
423,2,2016-09-01,0.6,0.9,210,30
424,1,2015-09-01,0.6,0.9,210,30
424,2,2016-09-01,0.6,0.9,210,30
425,1,2015-09-01,0.6,0.9,210,30
425,2,2016-09-01,0.6,0.9,210,30
426,1,2015-09-01,0.6,0.9,210,30
426,2,2016-09-01,0.6,0.9,210,30
427,1,2015-09-01,0.6,0.9,210,30
427,2,2016-09-01,0.6,0.9,210,30
428,1,2015-09-01,0.6,0.9,210,30
428,2,2016-09-01,0.6,0.9,210,30
429,1,2015-09-01,0.6,0.9,210,30
429,2,2016-09-01,0.6,0.9,210,30
430,1,2015-09-01,0.6,0.9,210,30
430,2,2016-09-01,0.6,0.9,210,30
431,1,2015-09-01,0.6,0.9,210,30
431,2,2016-09-01,0.6,0.9,210,30
432,1,2015-09-01,0.6,0.9,210,30
432,2,2016-09-01,0.6,0.9,210,30
433,1,2015-09-01,0.6,0.9,210,30
433,2,2016-09-01,0.6,0.9,210,30
434,1,2015-09-01,0.6,0.9,210,30
434,2,2016-09-01,0.6,0.9,210,30
435,1,2015-09-01,0.6,0.9,210,30
435,2,2016-09-01,0.6,0.9,210,30
436,1,2015-09-01,0.6,0.9,210,30
436,2,2016-09-01,0.6,0.9,210,30
437,1,2015-09-01,0.6,0.9,210,30
437,2,2016-09-01,0.6,0.9,210,30
438,1,2015-09-01,0.6,0.9,210,30
438,2,2016-09-01,0.6,0.9,210,30
439,1,2015-09-01,0.6,0.9,210,30
439,2,2016-09-01,0.6,0.9,210,30
440,1,2015-09-01,0.6,0.9,210,30
440,2,2016-09-01,0.6,0.9,210,30
442,1,2015-09-01,0.6,0.9,210,30
442,2,2016-09-01,0.6,0.9,210,30
443,1,2015-09-01,0.6,0.9,210,30
443,2,2016-09-01,0.6,0.9,210,30
444,1,2015-09-01,0.6,0.9,210,30
444,2,2016-09-01,0.6,0.9,210,30
445,1,2015-09-01,0.6,0.9,210,30
445,2,2016-09-01,0.6,0.9,210,30
446,1,2015-09-01,0.6,0.9,210,30
446,2,2016-09-01,0.6,0.9,210,30
447,1,2015-09-01,0.6,0.9,210,30
447,2,2016-09-01,0.6,0.9,210,30
448,1,2015-09-01,0.6,0.9,210,30
448,2,2016-09-01,0.6,0.9,210,30
449,1,2015-09-01,0.6,0.9,210,30
449,2,2016-09-01,0.6,0.9,210,30
451,1,2015-09-01,0.6,0.9,210,30
451,2,2016-09-01,0.6,0.9,210,30
452,1,2015-09-01,0.6,0.9,210,30
452,2,2016-09-01,0.6,0.9,210,30
453,1,2015-09-01,0.6,0.9,210,30
453,2,2016-09-01,0.6,0.9,210,30
454,1,2015-09-01,0.6,0.9,210,30
454,2,2016-09-01,0.6,0.9,210,30
455,1,2015-09-01,0.6,0.9,210,30
455,2,2016-09-01,0.6,0.9,210,30
456,1,2015-09-01,0.6,0.9,210,30
456,2,2016-09-01,0.6,0.9,210,30
458,1,2015-09-01,0.6,0.9,210,30
458,2,2016-09-01,0.6,0.9,210,30
459,1,2015-09-01,0.6,0.9,210,30
459,2,2016-09-01,0.6,0.9,210,30
460,1,2015-09-01,0.6,0.9,210,30
460,2,2016-09-01,0.6,0.9,210,30
461,1,2015-09-01,0.6,0.9,210,30
461,2,2016-09-01,0.6,0.9,210,30
462,1,2015-09-01,0.6,0.9,210,30
462,2,2016-09-01,0.6,0.9,210,30
463,1,2015-09-01,0.6,0.9,210,30
463,2,2016-09-01,0.6,0.9,210,30
464,1,2015-09-01,0.6,0.9,210,30
464,2,2016-09-01,0.6,0.9,210,30
465,1,2015-09-01,0.6,0.9,210,30
465,2,2016-09-01,0.6,0.9,210,30
466,1,2015-09-01,0.6,0.9,210,30
466,2,2016-09-01,0.6,0.9,210,30
467,1,2015-09-01,0.6,0.9,210,30
467,2,2016-09-01,0.6,0.9,210,30
468,1,2015-09-01,0.6,0.9,210,30
468,2,2016-09-01,0.6,0.9,210,30
469,1,2015-09-01,0.6,0.9,210,30
469,2,2016-09-01,0.6,0.9,210,30
470,1,2015-09-01,0.6,0.9,210,30
470,2,2016-09-01,0.6,0.9,210,30
471,1,2015-09-01,0.6,0.9,210,30
471,2,2016-09-01,0.6,0.9,210,30
472,1,2015-09-01,0.6,0.9,210,30
472,2,2016-09-01,0.6,0.9,210,30
473,1,2015-09-01,0.6,0.9,210,30
473,2,2016-09-01,0.6,0.9,210,30
474,1,2015-09-01,0.6,0.9,210,30
474,2,2016-09-01,0.6,0.9,210,30
475,1,2015-09-01,0.6,0.9,210,30
475,2,2016-09-01,0.6,0.9,210,30
476,1,2015-09-01,0.6,0.9,210,30
476,2,2016-09-01,0.6,0.9,210,30
477,1,2015-09-01,0.6,0.9,210,30
477,2,2016-09-01,0.6,0.9,210,30
478,1,2015-09-01,0.6,0.9,210,30
478,2,2016-09-01,0.6,0.9,210,30
479,1,2015-09-01,0.6,0.9,210,30
479,2,2016-09-01,0.6,0.9,210,30
480,1,2015-09-01,0.6,0.9,210,30
480,2,2016-09-01,0.6,0.9,210,30
481,1,2015-09-01,0.6,0.9,210,30
481,2,2016-09-01,0.6,0.9,210,30
482,1,2015-09-01,0.6,0.9,210,30
482,2,2016-09-01,0.6,0.9,210,30
483,1,2015-09-01,0.6,0.9,210,30
483,2,2016-09-01,0.6,0.9,210,30
484,1,2015-09-01,0.6,0.9,210,30
484,2,2016-09-01,0.6,0.9,210,30
485,1,2015-09-01,0.6,0.9,210,30
485,2,2016-09-01,0.6,0.9,210,30
486,1,2015-09-01,0.6,0.9,210,30
486,2,2016-09-01,0.6,0.9,210,30
487,1,2015-09-01,0.6,0.9,210,30
487,2,2016-09-01,0.6,0.9,210,30
488,1,2015-09-01,0.6,0.9,210,30
488,2,2016-09-01,0.6,0.9,210,30
489,1,2015-09-01,0.6,0.9,210,30
489,2,2016-09-01,0.6,0.9,210,30
490,1,2015-09-01,0.6,0.9,210,30
490,2,2016-09-01,0.6,0.9,210,30
491,1,2015-09-01,0.6,0.9,210,30
491,2,2016-09-01,0.6,0.9,210,30
492,1,2015-09-01,0.6,0.9,210,30
492,2,2016-09-01,0.6,0.9,210,30
493,1,2015-09-01,0.6,0.9,210,30
493,2,2016-09-01,0.6,0.9,210,30
494,1,2015-09-01,0.6,0.9,210,30
494,2,2016-09-01,0.6,0.9,210,30
495,1,2015-09-01,0.6,0.9,210,30
495,2,2016-09-01,0.6,0.9,210,30
496,1,2015-09-01,0.6,0.9,210,30
496,2,2016-09-01,0.6,0.9,210,30
497,1,2015-09-01,0.6,0.9,210,30
497,2,2016-09-01,0.6,0.9,210,30
498,1,2015-09-01,0.6,0.9,210,30
498,2,2016-09-01,0.6,0.9,210,30
499,1,2015-09-01,0.6,0.9,210,30
499,2,2016-09-01,0.6,0.9,210,30
500,1,2015-09-01,0.6,0.9,210,30
500,2,2016-09-01,0.6,0.9,210,30
501,1,2015-09-01,0.6,0.9,210,30
501,2,2016-09-01,0.6,0.9,210,30
502,1,2015-09-01,0.6,0.9,210,30
502,2,2016-09-01,0.6,0.9,210,30
503,1,2015-09-01,0.6,0.9,210,30
503,2,2016-09-01,0.6,0.9,210,30
504,1,2015-09-01,0.6,0.9,210,30
504,2,2016-09-01,0.6,0.9,210,30
505,1,2015-09-01,0.6,0.9,210,30
505,2,2016-09-01,0.6,0.9,210,30
506,1,2015-09-01,0.6,0.9,210,30
506,2,2016-09-01,0.6,0.9,210,30
507,1,2015-09-01,0.6,0.9,210,30
507,2,2016-09-01,0.6,0.9,210,30
508,1,2015-09-01,0.6,0.9,210,30
508,2,2016-09-01,0.6,0.9,210,30
509,1,2015-09-01,0.6,0.9,210,30
509,2,2016-09-01,0.6,0.9,210,30
510,1,2015-09-01,0.6,0.9,210,30
511,1,2015-09-01,0.6,0.9,210,30
512,1,2015-09-01,0.6,0.9,210,30
512,2,2016-09-01,0.6,0.9,210,30
513,1,2015-09-01,0.6,0.9,210,30
513,2,2016-09-01,0.6,0.9,210,30
514,1,2015-09-01,0.6,0.9,210,30
514,2,2016-09-01,0.6,0.9,210,30
515,1,2015-09-01,0.6,0.9,210,30
515,2,2016-09-01,0.6,0.9,210,30
516,1,2015-09-01,0.6,0.9,210,30
516,2,2016-09-01,0.6,0.9,210,30
517,1,2015-09-01,0.6,0.9,210,30
517,2,2016-09-01,0.6,0.9,210,30
518,1,2015-09-01,0.6,0.9,210,30
518,2,2016-09-01,0.6,0.9,210,30
519,1,2015-09-01,0.6,0.9,210,30
519,2,2016-09-01,0.6,0.9,210,30
520,1,2015-09-01,0.6,0.9,210,30
520,2,2016-09-01,0.6,0.9,210,30
521,1,2015-09-01,0.6,0.9,210,30
521,2,2016-09-01,0.6,0.9,210,30
522,1,2015-09-01,0.6,0.9,210,30
522,2,2016-09-01,0.6,0.9,210,30
523,1,2015-09-01,0.6,0.9,210,30
523,2,2016-09-01,0.6,0.9,210,30
524,1,2015-09-01,0.6,0.9,210,30
524,2,2016-09-01,0.6,0.9,210,30
525,1,2015-09-01,0.6,0.9,210,30
525,2,2016-09-01,0.6,0.9,210,30
526,1,2015-09-01,0.6,0.9,210,30
526,2,2016-09-01,0.6,0.9,210,30
527,1,2015-09-01,0.6,0.9,210,30
527,2,2016-09-01,0.6,0.9,210,30
528,1,2015-09-01,0.6,0.9,210,30
528,2,2016-09-01,0.6,0.9,210,30
529,1,2015-09-01,0.6,0.9,210,30
529,2,2016-09-01,0.6,0.9,210,30
530,1,2015-09-01,0.6,0.9,210,30
530,2,2016-09-01,0.6,0.9,210,30
531,1,2015-09-01,0.6,0.9,210,30
531,2,2016-09-01,0.6,0.9,210,30
532,1,2015-09-01,0.6,0.9,210,30
532,2,2016-09-01,0.6,0.9,210,30
533,1,2015-09-01,0.6,0.9,210,30
533,2,2016-09-01,0.6,0.9,210,30
534,1,2015-09-01,0.6,0.9,210,30
534,2,2016-09-01,0.6,0.9,210,30
535,1,2015-09-01,0.6,0.9,210,30
535,2,2016-09-01,0.6,0.9,210,30
536,1,2015-09-01,0.6,0.9,210,30
536,2,2016-09-01,0.6,0.9,210,30
537,1,2015-09-01,0.6,0.9,210,30
537,2,2016-09-01,0.6,0.9,210,30
538,1,2015-09-01,0.6,0.9,210,30
538,2,2016-09-01,0.6,0.9,210,30
539,1,2015-09-01,0.6,0.9,210,30
539,2,2016-09-01,0.6,0.9,210,30
540,1,2015-09-01,0.6,0.9,210,30
540,2,2016-09-01,0.6,0.9,210,30
541,1,2015-09-01,0.6,0.9,210,30
541,2,2016-09-01,0.6,0.9,210,30
542,1,2015-09-01,0.6,0.9,210,30
542,2,2016-09-01,0.6,0.9,210,30
543,1,2015-09-01,0.6,0.9,210,30
543,2,2016-09-01,0.6,0.9,210,30
544,1,2015-09-01,0.6,0.9,210,30
544,2,2016-09-01,0.6,0.9,210,30
545,1,2015-09-01,0.6,0.9,210,30
545,2,2016-09-01,0.6,0.9,210,30
546,1,2015-09-01,0.6,0.9,210,30
546,2,2016-09-01,0.6,0.9,210,30
547,1,2015-09-01,0.6,0.9,210,30
547,2,2016-09-01,0.6,0.9,210,30
549,1,2015-09-01,0.6,0.9,210,30
549,2,2016-09-01,0.6,0.9,210,30
550,1,2015-09-01,0.6,0.9,210,30
550,2,2016-09-01,0.6,0.9,210,30
551,1,2015-09-01,0.6,0.9,210,30
551,2,2016-09-01,0.6,0.9,210,30
552,1,2015-09-01,0.6,0.9,210,30
552,2,2016-09-01,0.6,0.9,210,30
553,1,2015-09-01,0.6,0.9,210,30
553,2,2016-09-01,0.6,0.9,210,30
554,1,2015-09-01,0.6,0.9,210,30
554,2,2016-09-01,0.6,0.9,210,30
555,1,2015-09-01,0.6,0.9,210,30
555,2,2016-09-01,0.6,0.9,210,30
556,1,2015-09-01,0.6,0.9,210,30
556,2,2016-09-01,0.6,0.9,210,30
557,1,2015-09-01,0.6,0.9,210,30
557,2,2016-09-01,0.6,0.9,210,30
558,1,2015-09-01,0.6,0.9,210,30
558,2,2016-09-01,0.6,0.9,210,30
559,1,2015-09-01,0.6,0.9,210,30
559,2,2016-09-01,0.6,0.9,210,30
560,1,2015-09-01,0.6,0.9,210,30
560,2,2016-09-01,0.6,0.9,210,30
561,1,2015-09-01,0.6,0.9,210,30
561,2,2016-09-01,0.6,0.9,210,30
562,1,2015-09-01,0.6,0.9,210,30
562,2,2016-09-01,0.6,0.9,210,30
563,1,2015-09-01,0.6,0.9,210,30
564,1,2015-09-01,0.6,0.9,210,30
565,1,2015-09-01,0.6,0.9,210,30
565,2,2016-09-01,0.6,0.9,210,30
567,1,2015-09-01,0.6,0.9,210,30
567,2,2016-09-01,0.6,0.9,210,30
568,1,2015-09-01,0.6,0.9,210,30
568,2,2016-09-01,0.6,0.9,210,30
569,1,2015-09-01,0.6,0.9,210,30
569,2,2016-09-01,0.6,0.9,210,30
570,1,2015-09-01,0.6,0.9,210,30
570,2,2016-09-01,0.6,0.9,210,30
571,1,2015-09-01,0.6,0.9,210,30
571,2,2016-09-01,0.6,0.9,210,30
572,1,2015-09-01,0.6,0.9,210,30
572,2,2016-09-01,0.6,0.9,210,30
573,1,2015-09-01,0.6,0.9,210,30
573,2,2016-09-01,0.6,0.9,210,30
574,1,2015-09-01,0.6,0.9,210,30
574,2,2016-09-01,0.6,0.9,210,30
575,1,2015-09-01,0.6,0.9,210,30
575,2,2016-09-01,0.6,0.9,210,30
576,1,2015-09-01,0.6,0.9,210,30
576,2,2016-09-01,0.6,0.9,210,30
577,1,2015-09-01,0.6,0.9,210,30
577,2,2016-09-01,0.6,0.9,210,30
578,1,2015-09-01,0.6,0.9,210,30
578,2,2016-09-01,0.6,0.9,210,30
579,1,2015-09-01,0.6,0.9,210,30
579,2,2016-09-01,0.6,0.9,210,30
580,1,2015-09-01,0.6,0.9,210,30
580,2,2016-09-01,0.6,0.9,210,30
581,1,2015-09-01,0.6,0.9,210,30
581,2,2016-09-01,0.6,0.9,210,30
582,1,2015-09-01,0.6,0.9,210,30
584,1,2015-09-01,0.6,0.9,210,30
584,2,2016-09-01,0.6,0.9,210,30
585,1,2015-09-01,0.6,0.9,210,30
585,2,2016-09-01,0.6,0.9,210,30
586,1,2015-09-01,0.6,0.9,210,30
586,2,2016-09-01,0.6,0.9,210,30
587,1,2015-09-01,0.6,0.9,210,30
587,2,2016-09-01,0.6,0.9,210,30
588,1,2015-09-01,0.6,0.9,210,30
588,2,2016-09-01,0.6,0.9,210,30
589,1,2015-09-01,0.6,0.9,210,30
590,1,2015-09-01,0.6,0.9,210,30
590,2,2016-09-01,0.6,0.9,210,30
591,1,2015-09-01,0.6,0.9,210,30
591,2,2016-09-01,0.6,0.9,210,30
592,1,2015-09-01,0.6,0.9,210,30
592,2,2016-09-01,0.6,0.9,210,30
593,1,2015-09-01,0.6,0.9,210,30
593,2,2016-09-01,0.6,0.9,210,30
594,1,2015-09-01,0.6,0.9,210,30
594,2,2016-09-01,0.6,0.9,210,30
595,1,2015-09-01,0.6,0.9,210,30
595,2,2016-09-01,0.6,0.9,210,30
596,1,2015-09-01,0.6,0.9,210,30
597,1,2015-09-01,0.6,0.9,210,30
597,2,2016-09-01,0.6,0.9,210,30
598,1,2015-09-01,0.6,0.9,210,30
598,2,2016-09-01,0.6,0.9,210,30
599,1,2015-09-01,0.6,0.9,210,30
599,2,2016-09-01,0.6,0.9,210,30
600,1,2015-09-01,0.6,0.9,210,30
600,2,2016-09-01,0.6,0.9,210,30
601,1,2015-09-01,0.6,0.9,210,30
601,2,2016-09-01,0.6,0.9,210,30
602,1,2015-09-01,0.6,0.9,210,30
602,2,2016-09-01,0.6,0.9,210,30
603,1,2015-09-01,0.6,0.9,210,30
603,2,2016-09-01,0.6,0.9,210,30
604,1,2015-09-01,0.6,0.9,210,30
604,2,2016-09-01,0.6,0.9,210,30
605,1,2015-09-01,0.6,0.9,210,30
605,2,2016-09-01,0.6,0.9,210,30
606,1,2015-09-01,0.6,0.9,210,30
606,2,2016-09-01,0.6,0.9,210,30
607,1,2015-09-01,0.6,0.9,210,30
607,2,2016-09-01,0.6,0.9,210,30
608,1,2015-09-01,0.6,0.9,210,30
608,2,2016-09-01,0.6,0.9,210,30
609,1,2015-09-01,0.6,0.9,210,30
609,2,2016-09-01,0.6,0.9,210,30
610,1,2015-09-01,0.6,0.9,210,30
610,2,2016-09-01,0.6,0.9,210,30
611,1,2015-09-01,0.6,0.9,210,30
611,2,2016-09-01,0.6,0.9,210,30
612,1,2015-09-01,0.6,0.9,210,30
612,2,2016-09-01,0.6,0.9,210,30
613,1,2015-09-01,0.6,0.9,210,30
613,2,2016-09-01,0.6,0.9,210,30
614,1,2015-09-01,0.6,0.9,210,30
614,2,2016-09-01,0.6,0.9,210,30
615,1,2015-09-01,0.6,0.9,210,30
615,2,2016-09-01,0.6,0.9,210,30
616,1,2015-09-01,0.6,0.9,210,30
616,2,2016-09-01,0.6,0.9,210,30
617,1,2015-09-01,0.6,0.9,210,30
617,2,2016-09-01,0.6,0.9,210,30
618,1,2015-09-01,0.6,0.9,210,30
618,2,2016-09-01,0.6,0.9,210,30
619,1,2015-09-01,0.6,0.9,210,30
619,2,2016-09-01,0.6,0.9,210,30
620,1,2015-09-01,0.6,0.9,210,30
620,2,2016-09-01,0.6,0.9,210,30
621,1,2015-09-01,0.6,0.9,210,30
621,2,2016-09-01,0.6,0.9,210,30
622,1,2015-09-01,0.6,0.9,210,30
622,2,2016-09-01,0.6,0.9,210,30
623,1,2015-09-01,0.6,0.9,210,30
623,2,2016-09-01,0.6,0.9,210,30
624,1,2015-09-01,0.6,0.9,210,30
624,2,2016-09-01,0.6,0.9,210,30
625,1,2015-09-01,0.6,0.9,210,30
625,2,2016-09-01,0.6,0.9,210,30
626,1,2015-09-01,0.6,0.9,210,30
626,2,2016-09-01,0.6,0.9,210,30
627,1,2015-09-01,0.6,0.9,210,30
627,2,2016-09-01,0.6,0.9,210,30
628,1,2015-09-01,0.6,0.9,210,30
628,2,2016-09-01,0.6,0.9,210,30
629,1,2015-09-01,0.6,0.9,210,30
629,2,2016-09-01,0.6,0.9,210,30
630,1,2015-09-01,0.6,0.9,210,30
630,2,2016-09-01,0.6,0.9,210,30
631,1,2015-09-01,0.6,0.9,210,30
631,2,2016-09-01,0.6,0.9,210,30
632,1,2015-09-01,0.6,0.9,210,30
633,1,2015-09-01,0.6,0.9,210,30
633,2,2016-09-01,0.6,0.9,210,30
634,1,2015-09-01,0.6,0.9,210,30
634,2,2016-09-01,0.6,0.9,210,30
635,1,2015-09-01,0.6,0.9,210,30
635,2,2016-09-01,0.6,0.9,210,30
636,1,2015-09-01,0.6,0.9,210,30
636,2,2016-09-01,0.6,0.9,210,30
637,1,2015-09-01,0.6,0.9,210,30
638,1,2015-09-01,0.6,0.9,210,30
638,2,2016-09-01,0.6,0.9,210,30
639,1,2015-09-01,0.6,0.9,210,30
639,2,2016-09-01,0.6,0.9,210,30
640,1,2015-09-01,0.6,0.9,210,30
640,2,2016-09-01,0.6,0.9,210,30
641,1,2015-09-01,0.6,0.9,210,30
641,2,2016-09-01,0.6,0.9,210,30
642,1,2015-09-01,0.6,0.9,210,30
642,2,2016-09-01,0.6,0.9,210,30
643,1,2015-09-01,0.6,0.9,210,30
643,2,2016-09-01,0.6,0.9,210,30
644,1,2015-09-01,0.6,0.9,210,30
644,2,2016-09-01,0.6,0.9,210,30
645,1,2015-09-01,0.6,0.9,210,30
645,2,2016-09-01,0.6,0.9,210,30
646,1,2015-09-01,0.6,0.9,210,30
646,2,2016-09-01,0.6,0.9,210,30
647,1,2015-09-01,0.6,0.9,210,30
647,2,2016-09-01,0.6,0.9,210,30
648,1,2015-09-01,0.6,0.9,210,30
648,2,2016-09-01,0.6,0.9,210,30
649,1,2015-09-01,0.6,0.9,210,30
650,1,2015-09-01,0.6,0.9,210,30
650,2,2016-09-01,0.6,0.9,210,30
651,1,2015-09-01,0.6,0.9,210,30
651,2,2016-09-01,0.6,0.9,210,30
652,1,2015-09-01,0.6,0.9,210,30
652,2,2016-09-01,0.6,0.9,210,30
653,1,2015-09-01,0.6,0.9,210,30
653,2,2016-09-01,0.6,0.9,210,30
654,1,2015-09-01,0.6,0.9,210,30
654,2,2016-09-01,0.6,0.9,210,30
655,1,2015-09-01,0.6,0.9,210,30
655,2,2016-09-01,0.6,0.9,210,30
656,1,2015-09-01,0.6,0.9,210,30
657,1,2015-09-01,0.6,0.9,210,30
657,2,2016-09-01,0.6,0.9,210,30
658,1,2015-09-01,0.6,0.9,210,30
658,2,2016-09-01,0.6,0.9,210,30
659,1,2015-09-01,0.6,0.9,210,30
659,2,2016-09-01,0.6,0.9,210,30
660,1,2015-09-01,0.6,0.9,210,30
660,2,2016-09-01,0.6,0.9,210,30
661,1,2015-09-01,0.6,0.9,210,30
661,2,2016-09-01,0.6,0.9,210,30
662,1,2015-09-01,0.6,0.9,210,30
662,2,2016-09-01,0.6,0.9,210,30
663,1,2015-09-01,0.6,0.9,210,30
663,2,2016-09-01,0.6,0.9,210,30
664,1,2015-09-01,0.6,0.9,210,30
664,2,2016-09-01,0.6,0.9,210,30
665,1,2015-09-01,0.6,0.9,210,30
665,2,2016-09-01,0.6,0.9,210,30
666,1,2015-09-01,0.6,0.9,210,30
666,2,2016-09-01,0.6,0.9,210,30
667,1,2015-09-01,0.6,0.9,210,30
667,2,2016-09-01,0.6,0.9,210,30
668,1,2015-09-01,0.6,0.9,210,30
668,2,2016-09-01,0.6,0.9,210,30
669,1,2015-09-01,0.6,0.9,210,30
669,2,2016-09-01,0.6,0.9,210,30
670,1,2015-09-01,0.6,0.9,210,30
670,2,2016-09-01,0.6,0.9,210,30
671,1,2015-09-01,0.6,0.9,210,30
671,2,2016-09-01,0.6,0.9,210,30
672,1,2015-09-01,0.6,0.9,210,30
672,2,2016-09-01,0.6,0.9,210,30
673,1,2015-09-01,0.6,0.9,210,30
673,2,2016-09-01,0.6,0.9,210,30
674,1,2015-09-01,0.6,0.9,210,30
674,2,2016-09-01,0.6,0.9,210,30
675,1,2015-09-01,0.6,0.9,210,30
675,2,2016-09-01,0.6,0.9,210,30
676,1,2015-09-01,0.6,0.9,210,30
676,2,2016-09-01,0.6,0.9,210,30
677,1,2015-09-01,0.6,0.9,210,30
679,1,2015-09-01,0.6,0.9,210,30
679,2,2016-09-01,0.6,0.9,210,30
680,1,2015-09-01,0.6,0.9,210,30
680,2,2016-09-01,0.6,0.9,210,30
681,1,2015-09-01,0.6,0.9,210,30
681,2,2016-09-01,0.6,0.9,210,30
682,1,2015-09-01,0.6,0.9,210,30
682,2,2016-09-01,0.6,0.9,210,30
683,1,2015-09-01,0.6,0.9,210,30
683,2,2016-09-01,0.6,0.9,210,30
684,1,2015-09-01,0.6,0.9,210,30
684,2,2016-09-01,0.6,0.9,210,30
685,1,2015-09-01,0.6,0.9,210,30
685,2,2016-09-01,0.6,0.9,210,30
686,1,2015-09-01,0.6,0.9,210,30
686,2,2016-09-01,0.6,0.9,210,30
687,1,2015-09-01,0.6,0.9,210,30
687,2,2016-09-01,0.6,0.9,210,30
688,1,2015-09-01,0.6,0.9,210,30
688,2,2016-09-01,0.6,0.9,210,30
689,1,2015-09-01,0.6,0.9,210,30
689,2,2016-09-01,0.6,0.9,210,30
690,1,2015-09-01,0.6,0.9,210,30
690,2,2016-09-01,0.6,0.9,210,30
691,1,2015-09-01,0.6,0.9,210,30
691,2,2016-09-01,0.6,0.9,210,30
692,1,2015-09-01,0.6,0.9,210,30
692,2,2016-09-01,0.6,0.9,210,30
693,1,2015-09-01,0.6,0.9,210,30
693,2,2016-09-01,0.6,0.9,210,30
694,1,2015-09-01,0.6,0.9,210,30
694,2,2016-09-01,0.6,0.9,210,30
695,1,2015-09-01,0.6,0.9,210,30
695,2,2016-09-01,0.6,0.9,210,30
696,1,2015-09-01,0.6,0.9,210,30
696,2,2016-09-01,0.6,0.9,210,30
697,1,2015-09-01,0.6,0.9,210,30
699,1,2015-09-01,0.6,0.9,210,30
699,2,2016-09-01,0.6,0.9,210,30
700,1,2015-09-01,0.6,0.9,210,30
700,2,2016-09-01,0.6,0.9,210,30
701,1,2015-09-01,0.6,0.9,210,30
701,2,2016-09-01,0.6,0.9,210,30
702,1,2015-09-01,0.6,0.9,210,30
702,2,2016-09-01,0.6,0.9,210,30
703,1,2015-09-01,0.6,0.9,210,30
703,2,2016-09-01,0.6,0.9,210,30
704,1,2015-09-01,0.6,0.9,210,30
704,2,2016-09-01,0.6,0.9,210,30
705,1,2015-09-01,0.6,0.9,210,30
705,2,2016-09-01,0.6,0.9,210,30
706,1,2015-09-01,0.6,0.9,210,30
706,2,2016-09-01,0.6,0.9,210,30
707,1,2015-09-01,0.6,0.9,210,30
707,2,2016-09-01,0.6,0.9,210,30
708,1,2015-09-01,0.6,0.9,210,30
708,2,2016-09-01,0.6,0.9,210,30
709,1,2015-09-01,0.6,0.9,210,30
709,2,2016-09-01,0.6,0.9,210,30
710,1,2015-09-01,0.6,0.9,210,30
710,2,2016-09-01,0.6,0.9,210,30
711,1,2015-09-01,0.6,0.9,210,30
711,2,2016-09-01,0.6,0.9,210,30
712,1,2015-09-01,0.6,0.9,210,30
712,2,2016-09-01,0.6,0.9,210,30
713,1,2015-09-01,0.6,0.9,210,30
713,2,2016-09-01,0.6,0.9,210,30
714,1,2015-09-01,0.6,0.9,210,30
714,2,2016-09-01,0.6,0.9,210,30
715,1,2015-09-01,0.6,0.9,210,30
715,2,2016-09-01,0.6,0.9,210,30
716,1,2015-09-01,0.6,0.9,210,30
716,2,2016-09-01,0.6,0.9,210,30
717,1,2015-09-01,0.6,0.9,210,30
717,2,2016-09-01,0.6,0.9,210,30
718,1,2015-09-01,0.6,0.9,210,30
718,2,2016-09-01,0.6,0.9,210,30
719,1,2015-09-01,0.6,0.9,210,30
719,2,2016-09-01,0.6,0.9,210,30
720,1,2015-09-01,0.6,0.9,210,30
720,2,2016-09-01,0.6,0.9,210,30
721,1,2015-09-01,0.6,0.9,210,30
721,2,2016-09-01,0.6,0.9,210,30
722,1,2015-09-01,0.6,0.9,210,30
722,2,2016-09-01,0.6,0.9,210,30
723,1,2015-09-01,0.6,0.9,210,30
723,2,2016-09-01,0.6,0.9,210,30
724,1,2015-09-01,0.6,0.9,210,30
724,2,2016-09-01,0.6,0.9,210,30
725,1,2015-09-01,0.6,0.9,210,30
725,2,2016-09-01,0.6,0.9,210,30
726,1,2015-09-01,0.6,0.9,210,30
726,2,2016-09-01,0.6,0.9,210,30
727,1,2015-09-01,0.6,0.9,210,30
727,2,2016-09-01,0.6,0.9,210,30
728,1,2015-09-01,0.6,0.9,210,30
728,2,2016-09-01,0.6,0.9,210,30
729,1,2015-09-01,0.6,0.9,210,30
729,2,2016-09-01,0.6,0.9,210,30
730,1,2015-09-01,0.6,0.9,210,30
730,2,2016-09-01,0.6,0.9,210,30
731,1,2015-09-01,0.6,0.9,210,30
731,2,2016-09-01,0.6,0.9,210,30
732,1,2015-09-01,0.6,0.9,210,30
732,2,2016-09-01,0.6,0.9,210,30
733,1,2015-09-01,0.6,0.9,210,30
733,2,2016-09-01,0.6,0.9,210,30
734,1,2015-09-01,0.6,0.9,210,30
734,2,2016-09-01,0.6,0.9,210,30
735,1,2015-09-01,0.6,0.9,210,30
735,2,2016-09-01,0.6,0.9,210,30
736,1,2015-09-01,0.6,0.9,210,30
736,2,2016-09-01,0.6,0.9,210,30
737,1,2015-09-01,0.6,0.9,210,30
737,2,2016-09-01,0.6,0.9,210,30
738,1,2015-09-01,0.6,0.9,210,30
738,2,2016-09-01,0.6,0.9,210,30
739,1,2015-09-01,0.6,0.9,210,30
739,2,2016-09-01,0.6,0.9,210,30
740,1,2015-09-01,0.6,0.9,210,30
740,2,2016-09-01,0.6,0.9,210,30
741,1,2015-09-01,0.6,0.9,210,30
741,2,2016-09-01,0.6,0.9,210,30
743,1,2015-09-01,0.6,0.9,210,30
743,2,2016-09-01,0.6,0.9,210,30
744,1,2015-09-01,0.6,0.9,210,30
744,2,2016-09-01,0.6,0.9,210,30
745,1,2015-09-01,0.6,0.9,210,30
745,2,2016-09-01,0.6,0.9,210,30
746,1,2015-09-01,0.6,0.9,210,30
746,2,2016-09-01,0.6,0.9,210,30
747,1,2015-09-01,0.6,0.9,210,30
747,2,2016-09-01,0.6,0.9,210,30
748,1,2015-09-01,0.6,0.9,210,30
748,2,2016-09-01,0.6,0.9,210,30
749,1,2015-09-01,0.6,0.9,210,30
749,2,2016-09-01,0.6,0.9,210,30
750,1,2015-09-01,0.6,0.9,210,30
750,2,2016-09-01,0.6,0.9,210,30
751,1,2015-09-01,0.6,0.9,210,30
751,2,2016-09-01,0.6,0.9,210,30
752,1,2015-09-01,0.6,0.9,210,30
752,2,2016-09-01,0.6,0.9,210,30
753,1,2015-09-01,0.6,0.9,210,30
753,2,2016-09-01,0.6,0.9,210,30
754,1,2015-09-01,0.6,0.9,210,30
754,2,2016-09-01,0.6,0.9,210,30
755,1,2015-09-01,0.6,0.9,210,30
755,2,2016-09-01,0.6,0.9,210,30
756,1,2015-09-01,0.6,0.9,210,30
756,2,2016-09-01,0.6,0.9,210,30
757,1,2015-09-01,0.6,0.9,210,30
757,2,2016-09-01,0.6,0.9,210,30
758,1,2015-09-01,0.6,0.9,210,30
758,2,2016-09-01,0.6,0.9,210,30
759,1,2015-09-01,0.6,0.9,210,30
759,2,2016-09-01,0.6,0.9,210,30
760,1,2015-09-01,0.6,0.9,210,30
760,2,2016-09-01,0.6,0.9,210,30
761,1,2015-09-01,0.6,0.9,210,30
761,2,2016-09-01,0.6,0.9,210,30
762,1,2015-09-01,0.6,0.9,210,30
762,2,2016-09-01,0.6,0.9,210,30
763,1,2015-09-01,0.6,0.9,210,30
763,2,2016-09-01,0.6,0.9,210,30
764,1,2015-09-01,0.6,0.9,210,30
764,2,2016-09-01,0.6,0.9,210,30
765,1,2015-09-01,0.6,0.9,210,30
765,2,2016-09-01,0.6,0.9,210,30
766,1,2015-09-01,0.6,0.9,210,30
766,2,2016-09-01,0.6,0.9,210,30
767,1,2015-09-01,0.6,0.9,210,30
767,2,2016-09-01,0.6,0.9,210,30
768,1,2015-09-01,0.6,0.9,210,30
768,2,2016-09-01,0.6,0.9,210,30
769,1,2015-09-01,0.6,0.9,210,30
769,2,2016-09-01,0.6,0.9,210,30
770,1,2015-09-01,0.6,0.9,210,30
770,2,2016-09-01,0.6,0.9,210,30
771,1,2015-09-01,0.6,0.9,210,30
771,2,2016-09-01,0.6,0.9,210,30
772,1,2015-09-01,0.6,0.9,210,30
772,2,2016-09-01,0.6,0.9,210,30
773,1,2015-09-01,0.6,0.9,210,30
773,2,2016-09-01,0.6,0.9,210,30
774,1,2015-09-01,0.6,0.9,210,30
774,2,2016-09-01,0.6,0.9,210,30
775,1,2015-09-01,0.6,0.9,210,30
775,2,2016-09-01,0.6,0.9,210,30
776,1,2015-09-01,0.6,0.9,210,30
776,2,2016-09-01,0.6,0.9,210,30
777,1,2015-09-01,0.6,0.9,210,30
777,2,2016-09-01,0.6,0.9,210,30
778,1,2015-09-01,0.6,0.9,210,30
778,2,2016-09-01,0.6,0.9,210,30
779,1,2015-09-01,0.6,0.9,210,30
779,2,2016-09-01,0.6,0.9,210,30
780,1,2015-09-01,0.6,0.9,210,30
780,2,2016-09-01,0.6,0.9,210,30
781,1,2015-09-01,0.6,0.9,210,30
781,2,2016-09-01,0.6,0.9,210,30
782,1,2015-09-01,0.6,0.9,210,30
782,2,2016-09-01,0.6,0.9,210,30
783,1,2015-09-01,0.6,0.9,210,30
783,2,2016-09-01,0.6,0.9,210,30
784,1,2015-09-01,0.6,0.9,210,30
784,2,2016-09-01,0.6,0.9,210,30
785,1,2015-09-01,0.6,0.9,210,30
785,2,2016-09-01,0.6,0.9,210,30
786,1,2015-09-01,0.6,0.9,210,30
786,2,2016-09-01,0.6,0.9,210,30
787,1,2015-09-01,0.6,0.9,210,30
787,2,2016-09-01,0.6,0.9,210,30
788,1,2015-09-01,0.6,0.9,210,30
788,2,2016-09-01,0.6,0.9,210,30
789,1,2015-09-01,0.6,0.9,210,30
789,2,2016-09-01,0.6,0.9,210,30
790,1,2015-09-01,0.6,0.9,210,30
790,2,2016-09-01,0.6,0.9,210,30
791,1,2015-09-01,0.6,0.9,210,30
791,2,2016-09-01,0.6,0.9,210,30
792,1,2015-09-01,0.6,0.9,210,30
792,2,2016-09-01,0.6,0.9,210,30
793,1,2015-09-01,0.6,0.9,210,30
793,2,2016-09-01,0.6,0.9,210,30
794,1,2015-09-01,0.6,0.9,210,30
794,2,2016-09-01,0.6,0.9,210,30
795,1,2015-09-01,0.6,0.9,210,30
795,2,2016-09-01,0.6,0.9,210,30
796,1,2015-09-01,0.6,0.9,210,30
796,2,2016-09-01,0.6,0.9,210,30
797,1,2015-09-01,0.6,0.9,210,30
798,1,2015-09-01,0.6,0.9,210,30
799,1,2015-09-01,0.6,0.9,210,30
799,2,2016-09-01,0.6,0.9,210,30
800,1,2015-09-01,0.6,0.9,210,30
800,2,2016-09-01,0.6,0.9,210,30
801,1,2015-09-01,0.6,0.9,210,30
801,2,2016-09-01,0.6,0.9,210,30
802,1,2015-09-01,0.6,0.9,210,30
802,2,2016-09-01,0.6,0.9,210,30
803,1,2015-09-01,0.6,0.9,210,30
803,2,2016-09-01,0.6,0.9,210,30
804,1,2015-09-01,0.6,0.9,210,30
804,2,2016-09-01,0.6,0.9,210,30
805,1,2015-09-01,0.6,0.9,210,30
805,2,2016-09-01,0.6,0.9,210,30
806,1,2015-09-01,0.6,0.9,210,30
807,1,2015-09-01,0.6,0.9,210,30
807,2,2016-09-01,0.6,0.9,210,30
808,1,2015-09-01,0.6,0.9,210,30
808,2,2016-09-01,0.6,0.9,210,30
809,1,2015-09-01,0.6,0.9,210,30
809,2,2016-09-01,0.6,0.9,210,30
810,1,2015-09-01,0.6,0.9,210,30
810,2,2016-09-01,0.6,0.9,210,30
811,1,2015-09-01,0.6,0.9,210,30
811,2,2016-09-01,0.6,0.9,210,30
812,1,2015-09-01,0.6,0.9,210,30
813,1,2015-09-01,0.6,0.9,210,30
813,2,2016-09-01,0.6,0.9,210,30
814,1,2015-09-01,0.6,0.9,210,30
814,2,2016-09-01,0.6,0.9,210,30
815,1,2015-09-01,0.6,0.9,210,30
815,2,2016-09-01,0.6,0.9,210,30
816,1,2015-09-01,0.6,0.9,210,30
816,2,2016-09-01,0.6,0.9,210,30
817,1,2015-09-01,0.6,0.9,210,30
817,2,2016-09-01,0.6,0.9,210,30
818,1,2015-09-01,0.6,0.9,210,30
818,2,2016-09-01,0.6,0.9,210,30
819,1,2015-09-01,0.6,0.9,210,30
819,2,2016-09-01,0.6,0.9,210,30
820,1,2015-09-01,0.6,0.9,210,30
820,2,2016-09-01,0.6,0.9,210,30
821,1,2015-09-01,0.6,0.9,210,30
821,2,2016-09-01,0.6,0.9,210,30
822,1,2015-09-01,0.6,0.9,210,30
822,2,2016-09-01,0.6,0.9,210,30
823,1,2015-09-01,0.6,0.9,210,30
823,2,2016-09-01,0.6,0.9,210,30
824,1,2015-09-01,0.6,0.9,210,30
824,2,2016-09-01,0.6,0.9,210,30
825,1,2015-09-01,0.6,0.9,210,30
825,2,2016-09-01,0.6,0.9,210,30
826,1,2015-09-01,0.6,0.9,210,30
826,2,2016-09-01,0.6,0.9,210,30
827,1,2015-09-01,0.6,0.9,210,30
827,2,2016-09-01,0.6,0.9,210,30
828,1,2015-09-01,0.6,0.9,210,30
828,2,2016-09-01,0.6,0.9,210,30
829,1,2015-09-01,0.6,0.9,210,30
829,2,2016-09-01,0.6,0.9,210,30
831,1,2015-09-01,0.6,0.9,210,30
831,2,2016-09-01,0.6,0.9,210,30
832,1,2015-09-01,0.6,0.9,210,30
832,2,2016-09-01,0.6,0.9,210,30
833,1,2015-09-01,0.6,0.9,210,30
833,2,2016-09-01,0.6,0.9,210,30
834,1,2015-09-01,0.6,0.9,210,30
834,2,2016-09-01,0.6,0.9,210,30
836,1,2015-09-01,0.6,0.9,210,30
836,2,2016-09-01,0.6,0.9,210,30
837,1,2015-09-01,0.6,0.9,210,30
837,2,2016-09-01,0.6,0.9,210,30
838,1,2015-09-01,0.6,0.9,210,30
838,2,2016-09-01,0.6,0.9,210,30
839,1,2015-09-01,0.6,0.9,210,30
839,2,2016-09-01,0.6,0.9,210,30
840,1,2015-09-01,0.6,0.9,210,30
840,2,2016-09-01,0.6,0.9,210,30
841,1,2015-09-01,0.6,0.9,210,30
841,2,2016-09-01,0.6,0.9,210,30
843,1,2015-09-01,0.6,0.9,210,30
843,2,2016-09-01,0.6,0.9,210,30
844,1,2015-09-01,0.6,0.9,210,30
844,2,2016-09-01,0.6,0.9,210,30
845,1,2015-09-01,0.6,0.9,210,30
845,2,2016-09-01,0.6,0.9,210,30
846,1,2015-09-01,0.6,0.9,210,30
846,2,2016-09-01,0.6,0.9,210,30
847,1,2015-09-01,0.6,0.9,210,30
847,2,2016-09-01,0.6,0.9,210,30
848,1,2015-09-01,0.6,0.9,210,30
848,2,2016-09-01,0.6,0.9,210,30
849,1,2015-09-01,0.6,0.9,210,30
849,2,2016-09-01,0.6,0.9,210,30
850,1,2015-09-01,0.6,0.9,210,30
850,2,2016-09-01,0.6,0.9,210,30
851,1,2015-09-01,0.6,0.9,210,30
851,2,2016-09-01,0.6,0.9,210,30
852,1,2015-09-01,0.6,0.9,210,30
852,2,2016-09-01,0.6,0.9,210,30
853,1,2015-09-01,0.6,0.9,210,30
853,2,2016-09-01,0.6,0.9,210,30
854,1,2015-09-01,0.6,0.9,210,30
854,2,2016-09-01,0.6,0.9,210,30
855,1,2015-09-01,0.6,0.9,210,30
855,2,2016-09-01,0.6,0.9,210,30
856,1,2015-09-01,0.6,0.9,210,30
856,2,2016-09-01,0.6,0.9,210,30
857,1,2015-09-01,0.6,0.9,210,30
857,2,2016-09-01,0.6,0.9,210,30
858,1,2015-09-01,0.6,0.9,210,30
858,2,2016-09-01,0.6,0.9,210,30
859,1,2015-09-01,0.6,0.9,210,30
859,2,2016-09-01,0.6,0.9,210,30
860,1,2015-09-01,0.6,0.9,210,30
860,2,2016-09-01,0.6,0.9,210,30
861,1,2015-09-01,0.6,0.9,210,30
861,2,2016-09-01,0.6,0.9,210,30
862,1,2015-09-01,0.6,0.9,210,30
862,2,2016-09-01,0.6,0.9,210,30
863,1,2015-09-01,0.6,0.9,210,30
863,2,2016-09-01,0.6,0.9,210,30
864,1,2015-09-01,0.6,0.9,210,30
864,2,2016-09-01,0.6,0.9,210,30
865,1,2015-09-01,0.6,0.9,210,30
865,2,2016-09-01,0.6,0.9,210,30
866,1,2015-09-01,0.6,0.9,210,30
866,2,2016-09-01,0.6,0.9,210,30
867,1,2015-09-01,0.6,0.9,210,30
867,2,2016-09-01,0.6,0.9,210,30
868,1,2015-09-01,0.6,0.9,210,30
868,2,2016-09-01,0.6,0.9,210,30
869,1,2015-09-01,0.6,0.9,210,30
869,2,2016-09-01,0.6,0.9,210,30
870,1,2015-09-01,0.6,0.9,210,30
870,2,2016-09-01,0.6,0.9,210,30
871,1,2015-09-01,0.6,0.9,210,30
871,2,2016-09-01,0.6,0.9,210,30
872,1,2015-09-01,0.6,0.9,210,30
872,2,2016-09-01,0.6,0.9,210,30
874,1,2015-09-01,0.6,0.9,210,30
874,2,2016-09-01,0.6,0.9,210,30
875,1,2015-09-01,0.6,0.9,210,30
875,2,2016-09-01,0.6,0.9,210,30
876,1,2015-09-01,0.6,0.9,210,30
876,2,2016-09-01,0.6,0.9,210,30
877,1,2015-09-01,0.6,0.9,210,30
877,2,2016-09-01,0.6,0.9,210,30
878,1,2015-09-01,0.6,0.9,210,30
878,2,2016-09-01,0.6,0.9,210,30
879,1,2015-09-01,0.6,0.9,210,30
879,2,2016-09-01,0.6,0.9,210,30
880,1,2015-09-01,0.6,0.9,210,30
880,2,2016-09-01,0.6,0.9,210,30
881,1,2015-09-01,0.6,0.9,210,30
881,2,2016-09-01,0.6,0.9,210,30
882,1,2015-09-01,0.6,0.9,210,30
882,2,2016-09-01,0.6,0.9,210,30
883,1,2015-09-01,0.6,0.9,210,30
883,2,2016-09-01,0.6,0.9,210,30
884,1,2015-09-01,0.6,0.9,210,30
884,2,2016-09-01,0.6,0.9,210,30
885,1,2015-09-01,0.6,0.9,210,30
885,2,2016-09-01,0.6,0.9,210,30
886,1,2015-09-01,0.6,0.9,210,30
886,2,2016-09-01,0.6,0.9,210,30
887,1,2015-09-01,0.6,0.9,210,30
887,2,2016-09-01,0.6,0.9,210,30
888,1,2015-09-01,0.6,0.9,210,30
888,2,2016-09-01,0.6,0.9,210,30
889,1,2015-09-01,0.6,0.9,210,30
889,2,2016-09-01,0.6,0.9,210,30
890,1,2015-09-01,0.6,0.9,210,30
890,2,2016-09-01,0.6,0.9,210,30
891,1,2015-09-01,0.6,0.9,210,30
891,2,2016-09-01,0.6,0.9,210,30
892,1,2015-09-01,0.6,0.9,210,30
892,2,2016-09-01,0.6,0.9,210,30
893,1,2015-09-01,0.6,0.9,210,30
893,2,2016-09-01,0.6,0.9,210,30
894,1,2015-09-01,0.6,0.9,210,30
894,2,2016-09-01,0.6,0.9,210,30
895,1,2015-09-01,0.6,0.9,210,30
895,2,2016-09-01,0.6,0.9,210,30
896,1,2015-09-01,0.6,0.9,210,30
896,2,2016-09-01,0.6,0.9,210,30
897,1,2015-09-01,0.6,0.9,210,30
897,2,2016-09-01,0.6,0.9,210,30
898,1,2015-09-01,0.6,0.9,210,30
898,2,2016-09-01,0.6,0.9,210,30
899,1,2015-09-01,0.6,0.9,210,30
899,2,2016-09-01,0.6,0.9,210,30
900,1,2015-09-01,0.6,0.9,210,30
900,2,2016-09-01,0.6,0.9,210,30
901,1,2015-09-01,0.6,0.9,210,30
901,2,2016-09-01,0.6,0.9,210,30
902,1,2015-09-01,0.6,0.9,210,30
902,2,2016-09-01,0.6,0.9,210,30
903,1,2015-09-01,0.6,0.9,210,30
903,2,2016-09-01,0.6,0.9,210,30
904,1,2015-09-01,0.6,0.9,210,30
904,2,2016-09-01,0.6,0.9,210,30
905,1,2015-09-01,0.6,0.9,210,30
905,2,2016-09-01,0.6,0.9,210,30
906,1,2015-09-01,0.6,0.9,210,30
906,2,2016-09-01,0.6,0.9,210,30
907,1,2015-09-01,0.6,0.9,210,30
907,2,2016-09-01,0.6,0.9,210,30
908,1,2015-09-01,0.6,0.9,210,30
908,2,2016-09-01,0.6,0.9,210,30
909,1,2015-09-01,0.6,0.9,210,30
909,2,2016-09-01,0.6,0.9,210,30
910,1,2015-09-01,0.6,0.9,210,30
910,2,2016-09-01,0.6,0.9,210,30
911,1,2015-09-01,0.6,0.9,210,30
911,2,2016-09-01,0.6,0.9,210,30
912,1,2015-09-01,0.6,0.9,210,30
912,2,2016-09-01,0.6,0.9,210,30
914,1,2015-09-01,0.6,0.9,210,30
914,2,2016-09-01,0.6,0.9,210,30
915,1,2015-09-01,0.6,0.9,210,30
915,2,2016-09-01,0.6,0.9,210,30
916,1,2015-09-01,0.6,0.9,210,30
916,2,2016-09-01,0.6,0.9,210,30
917,1,2015-09-01,0.6,0.9,210,30
917,2,2016-09-01,0.6,0.9,210,30
919,1,2015-09-01,0.6,0.9,210,30
919,2,2016-09-01,0.6,0.9,210,30
920,1,2015-09-01,0.6,0.9,210,30
920,2,2016-09-01,0.6,0.9,210,30
921,1,2015-09-01,0.6,0.9,210,30
921,2,2016-09-01,0.6,0.9,210,30
922,1,2015-09-01,0.6,0.9,210,30
922,2,2016-09-01,0.6,0.9,210,30
923,1,2015-09-01,0.6,0.9,210,30
923,2,2016-09-01,0.6,0.9,210,30
924,1,2015-09-01,0.6,0.9,210,30
924,2,2016-09-01,0.6,0.9,210,30
925,1,2015-09-01,0.6,0.9,210,30
925,2,2016-09-01,0.6,0.9,210,30
926,1,2015-09-01,0.6,0.9,210,30
926,2,2016-09-01,0.6,0.9,210,30
927,1,2015-09-01,0.6,0.9,210,30
927,2,2016-09-01,0.6,0.9,210,30
928,1,2015-09-01,0.6,0.9,210,30
929,1,2015-09-01,0.6,0.9,210,30
929,2,2016-09-01,0.6,0.9,210,30
930,1,2015-09-01,0.6,0.9,210,30
930,2,2016-09-01,0.6,0.9,210,30
931,1,2015-09-01,0.6,0.9,210,30
931,2,2016-09-01,0.6,0.9,210,30
932,1,2015-09-01,0.6,0.9,210,30
932,2,2016-09-01,0.6,0.9,210,30
933,1,2015-09-01,0.6,0.9,210,30
933,2,2016-09-01,0.6,0.9,210,30
934,1,2015-09-01,0.6,0.9,210,30
934,2,2016-09-01,0.6,0.9,210,30
935,1,2015-09-01,0.6,0.9,210,30
935,2,2016-09-01,0.6,0.9,210,30
936,1,2015-09-01,0.6,0.9,210,30
936,2,2016-09-01,0.6,0.9,210,30
937,1,2015-09-01,0.6,0.9,210,30
937,2,2016-09-01,0.6,0.9,210,30
938,1,2015-09-01,0.6,0.9,210,30
938,2,2016-09-01,0.6,0.9,210,30
939,1,2015-09-01,0.6,0.9,210,30
939,2,2016-09-01,0.6,0.9,210,30
940,1,2015-09-01,0.6,0.9,210,30
940,2,2016-09-01,0.6,0.9,210,30
941,1,2015-09-01,0.6,0.9,210,30
941,2,2016-09-01,0.6,0.9,210,30
942,1,2015-09-01,0.6,0.9,210,30
942,2,2016-09-01,0.6,0.9,210,30
943,1,2015-09-01,0.6,0.9,210,30
943,2,2016-09-01,0.6,0.9,210,30
944,1,2015-09-01,0.6,0.9,210,30
944,2,2016-09-01,0.6,0.9,210,30
945,1,2015-09-01,0.6,0.9,210,30
945,2,2016-09-01,0.6,0.9,210,30
946,1,2015-09-01,0.6,0.9,210,30
946,2,2016-09-01,0.6,0.9,210,30
947,1,2015-09-01,0.6,0.9,210,30
947,2,2016-09-01,0.6,0.9,210,30
948,1,2015-09-01,0.6,0.9,210,30
948,2,2016-09-01,0.6,0.9,210,30
949,1,2015-09-01,0.6,0.9,210,30
949,2,2016-09-01,0.6,0.9,210,30
950,1,2015-09-01,0.6,0.9,210,30
950,2,2016-09-01,0.6,0.9,210,30
951,1,2015-09-01,0.6,0.9,210,30
951,2,2016-09-01,0.6,0.9,210,30
952,1,2015-09-01,0.6,0.9,210,30
952,2,2016-09-01,0.6,0.9,210,30
953,1,2015-09-01,0.6,0.9,210,30
953,2,2016-09-01,0.6,0.9,210,30
954,1,2015-09-01,0.6,0.9,210,30
954,2,2016-09-01,0.6,0.9,210,30
955,1,2015-09-01,0.6,0.9,210,30
955,2,2016-09-01,0.6,0.9,210,30
956,1,2015-09-01,0.6,0.9,210,30
956,2,2016-09-01,0.6,0.9,210,30
957,1,2015-09-01,0.6,0.9,210,30
957,2,2016-09-01,0.6,0.9,210,30
958,1,2015-09-01,0.6,0.9,210,30
958,2,2016-09-01,0.6,0.9,210,30
959,1,2015-09-01,0.6,0.9,210,30
959,2,2016-09-01,0.6,0.9,210,30
960,1,2015-09-01,0.6,0.9,210,30
960,2,2016-09-01,0.6,0.9,210,30
961,1,2015-09-01,0.6,0.9,210,30
961,2,2016-09-01,0.6,0.9,210,30
962,1,2015-09-01,0.6,0.9,210,30
962,2,2016-09-01,0.6,0.9,210,30
963,1,2015-09-01,0.6,0.9,210,30
963,2,2016-09-01,0.6,0.9,210,30
964,1,2015-09-01,0.6,0.9,210,30
964,2,2016-09-01,0.6,0.9,210,30
965,1,2015-09-01,0.6,0.9,210,30
965,2,2016-09-01,0.6,0.9,210,30
966,1,2015-09-01,0.6,0.9,210,30
966,2,2016-09-01,0.6,0.9,210,30
967,1,2015-09-01,0.6,0.9,210,30
967,2,2016-09-01,0.6,0.9,210,30
968,1,2015-09-01,0.6,0.9,210,30
968,2,2016-09-01,0.6,0.9,210,30
969,1,2015-09-01,0.6,0.9,210,30
969,2,2016-09-01,0.6,0.9,210,30
970,1,2015-09-01,0.6,0.9,210,30
970,2,2016-09-01,0.6,0.9,210,30
971,1,2015-09-01,0.6,0.9,210,30
971,2,2016-09-01,0.6,0.9,210,30
972,1,2015-09-01,0.6,0.9,210,30
972,2,2016-09-01,0.6,0.9,210,30
973,1,2015-09-01,0.6,0.9,210,30
973,2,2016-09-01,0.6,0.9,210,30
974,1,2015-09-01,0.6,0.9,210,30
974,2,2016-09-01,0.6,0.9,210,30
975,1,2015-09-01,0.6,0.9,210,30
975,2,2016-09-01,0.6,0.9,210,30
976,1,2015-09-01,0.6,0.9,210,30
976,2,2016-09-01,0.6,0.9,210,30
977,1,2015-09-01,0.6,0.9,210,30
977,2,2016-09-01,0.6,0.9,210,30
978,1,2015-09-01,0.6,0.9,210,30
978,2,2016-09-01,0.6,0.9,210,30
979,1,2015-09-01,0.6,0.9,210,30
979,2,2016-09-01,0.6,0.9,210,30
980,1,2015-09-01,0.6,0.9,210,30
980,2,2016-09-01,0.6,0.9,210,30
981,1,2015-09-01,0.6,0.9,210,30
981,2,2016-09-01,0.6,0.9,210,30
982,1,2015-09-01,0.6,0.9,210,30
982,2,2016-09-01,0.6,0.9,210,30
983,1,2015-09-01,0.6,0.9,210,30
983,2,2016-09-01,0.6,0.9,210,30
984,1,2015-09-01,0.6,0.9,210,30
984,2,2016-09-01,0.6,0.9,210,30
985,1,2015-09-01,0.6,0.9,210,30
985,2,2016-09-01,0.6,0.9,210,30
986,1,2015-09-01,0.6,0.9,210,30
986,2,2016-09-01,0.6,0.9,210,30
987,1,2015-09-01,0.6,0.9,210,30
987,2,2016-09-01,0.6,0.9,210,30
988,1,2015-09-01,0.6,0.9,210,30
988,2,2016-09-01,0.6,0.9,210,30
989,1,2015-09-01,0.6,0.9,210,30
989,2,2016-09-01,0.6,0.9,210,30
990,1,2015-09-01,0.6,0.9,210,30
990,2,2016-09-01,0.6,0.9,210,30
992,1,2015-09-01,0.6,0.9,210,30
992,2,2016-09-01,0.6,0.9,210,30
993,1,2015-09-01,0.6,0.9,210,30
993,2,2016-09-01,0.6,0.9,210,30
994,1,2015-09-01,0.6,0.9,210,30
994,2,2016-09-01,0.6,0.9,210,30
995,1,2015-09-01,0.6,0.9,210,30
995,2,2016-09-01,0.6,0.9,210,30
996,1,2015-09-01,0.6,0.9,210,30
996,2,2016-09-01,0.6,0.9,210,30
997,1,2015-09-01,0.6,0.9,210,30
997,2,2016-09-01,0.6,0.9,210,30
998,1,2015-09-01,0.6,0.9,210,30
998,2,2016-09-01,0.6,0.9,210,30
999,1,2015-09-01,0.6,0.9,210,30
999,2,2016-09-01,0.6,0.9,210,30
1000,1,2015-09-01,0.6,0.9,210,30
1000,2,2016-09-01,0.6,0.9,210,30
1001,1,2015-09-01,0.6,0.9,210,30
1001,2,2016-09-01,0.6,0.9,210,30
1002,1,2015-09-01,0.6,0.9,210,30
1002,2,2016-09-01,0.6,0.9,210,30
1003,1,2015-09-01,0.6,0.9,210,30
1003,2,2016-09-01,0.6,0.9,210,30
1004,1,2015-09-01,0.6,0.9,210,30
1004,2,2016-09-01,0.6,0.9,210,30
1005,1,2015-09-01,0.6,0.9,210,30
1005,2,2016-09-01,0.6,0.9,210,30
1006,1,2015-09-01,0.6,0.9,210,30
1006,2,2016-09-01,0.6,0.9,210,30
1008,1,2015-09-01,0.6,0.9,210,30
1008,2,2016-09-01,0.6,0.9,210,30
1009,1,2015-09-01,0.6,0.9,210,30
1009,2,2016-09-01,0.6,0.9,210,30
1010,1,2015-09-01,0.6,0.9,210,30
1010,2,2016-09-01,0.6,0.9,210,30
1011,1,2015-09-01,0.6,0.9,210,30
1011,2,2016-09-01,0.6,0.9,210,30
1012,1,2015-09-01,0.6,0.9,210,30
1012,2,2016-09-01,0.6,0.9,210,30
1013,1,2015-09-01,0.6,0.9,210,30
1013,2,2016-09-01,0.6,0.9,210,30
1014,1,2015-09-01,0.6,0.9,210,30
1014,2,2016-09-01,0.6,0.9,210,30
1015,1,2015-09-01,0.6,0.9,210,30
1015,2,2016-09-01,0.6,0.9,210,30
1016,1,2015-09-01,0.6,0.9,210,30
1016,2,2016-09-01,0.6,0.9,210,30
1017,1,2015-09-01,0.6,0.9,210,30
1017,2,2016-09-01,0.6,0.9,210,30
1018,1,2015-09-01,0.6,0.9,210,30
1018,2,2016-09-01,0.6,0.9,210,30
1019,1,2015-09-01,0.6,0.9,210,30
1019,2,2016-09-01,0.6,0.9,210,30
1020,1,2015-09-01,0.6,0.9,210,30
1020,2,2016-09-01,0.6,0.9,210,30
1021,1,2015-09-01,0.6,0.9,210,30
1021,2,2016-09-01,0.6,0.9,210,30
1022,1,2015-09-01,0.6,0.9,210,30
1022,2,2016-09-01,0.6,0.9,210,30
1023,1,2015-09-01,0.6,0.9,210,30
1023,2,2016-09-01,0.6,0.9,210,30
1026,1,2015-09-01,0.6,0.9,210,30
1026,2,2016-09-01,0.6,0.9,210,30
1027,1,2015-09-01,0.6,0.9,210,30
1027,2,2016-09-01,0.6,0.9,210,30
1028,1,2015-09-01,0.6,0.9,210,30
1028,2,2016-09-01,0.6,0.9,210,30
1029,1,2015-09-01,0.6,0.9,210,30
1029,2,2016-09-01,0.6,0.9,210,30
1030,1,2015-09-01,0.6,0.9,210,30
1030,2,2016-09-01,0.6,0.9,210,30
1031,1,2015-09-01,0.6,0.9,210,30
1031,2,2016-09-01,0.6,0.9,210,30
1032,1,2015-09-01,0.6,0.9,210,30
1032,2,2016-09-01,0.6,0.9,210,30
1033,1,2015-09-01,0.6,0.9,210,30
1035,1,2015-09-01,0.6,0.9,210,30
1035,2,2016-09-01,0.6,0.9,210,30
1036,1,2015-09-01,0.6,0.9,210,30
1036,2,2016-09-01,0.6,0.9,210,30
1037,1,2015-09-01,0.6,0.9,210,30
1037,2,2016-09-01,0.6,0.9,210,30
1038,1,2015-09-01,0.6,0.9,210,30
1038,2,2016-09-01,0.6,0.9,210,30
1039,1,2015-09-01,0.6,0.9,210,30
1039,2,2016-09-01,0.6,0.9,210,30
1040,1,2015-09-01,0.6,0.9,210,30
1040,2,2016-09-01,0.6,0.9,210,30
1043,1,2015-09-01,0.6,0.9,210,30
1043,2,2016-09-01,0.6,0.9,210,30
1044,1,2015-09-01,0.6,0.9,210,30
1044,2,2016-09-01,0.6,0.9,210,30
1045,1,2015-09-01,0.6,0.9,210,30
1045,2,2016-09-01,0.6,0.9,210,30
1046,1,2015-09-01,0.6,0.9,210,30
1046,2,2016-09-01,0.6,0.9,210,30
1047,1,2015-09-01,0.6,0.9,210,30
1047,2,2016-09-01,0.6,0.9,210,30
1048,1,2015-09-01,0.6,0.9,210,30
1048,2,2016-09-01,0.6,0.9,210,30
1049,1,2015-09-01,0.6,0.9,210,30
1049,2,2016-09-01,0.6,0.9,210,30
1050,1,2015-09-01,0.6,0.9,210,30
1050,2,2016-09-01,0.6,0.9,210,30
1051,1,2015-09-01,0.6,0.9,210,30
1051,2,2016-09-01,0.6,0.9,210,30
1053,1,2015-09-01,0.6,0.9,210,30
1053,2,2016-09-01,0.6,0.9,210,30
1054,1,2015-09-01,0.6,0.9,210,30
1054,2,2016-09-01,0.6,0.9,210,30
1055,1,2015-09-01,0.6,0.9,210,30
1055,2,2016-09-01,0.6,0.9,210,30
1059,1,2015-09-01,0.6,0.9,210,30
1059,2,2016-09-01,0.6,0.9,210,30
1060,1,2015-09-01,0.6,0.9,210,30
1060,2,2016-09-01,0.6,0.9,210,30
1061,1,2015-09-01,0.6,0.9,210,30
1061,2,2016-09-01,0.6,0.9,210,30
1062,1,2015-09-01,0.6,0.9,210,30
1062,2,2016-09-01,0.6,0.9,210,30
1063,1,2015-09-01,0.6,0.9,210,30
1063,2,2016-09-01,0.6,0.9,210,30
1064,1,2015-09-01,0.6,0.9,210,30
1064,2,2016-09-01,0.6,0.9,210,30
1067,1,2015-09-01,0.6,0.9,210,30
1067,2,2016-09-01,0.6,0.9,210,30
1068,1,2015-09-01,0.6,0.9,210,30
1068,2,2016-09-01,0.6,0.9,210,30
1069,1,2015-09-01,0.6,0.9,210,30
1069,2,2016-09-01,0.6,0.9,210,30
1070,1,2015-09-01,0.6,0.9,210,30
1070,2,2016-09-01,0.6,0.9,210,30
1071,1,2015-09-01,0.6,0.9,210,30
1071,2,2016-09-01,0.6,0.9,210,30
1072,1,2015-09-01,0.6,0.9,210,30
1072,2,2016-09-01,0.6,0.9,210,30
1079,1,2015-09-01,0.6,0.9,210,30
1079,2,2016-09-01,0.6,0.9,210,30
1080,1,2015-09-01,0.6,0.9,210,30
1081,1,2015-09-01,0.6,0.9,210,30
1081,2,2016-09-01,0.6,0.9,210,30
1082,1,2015-09-01,0.6,0.9,210,30
1082,2,2016-09-01,0.6,0.9,210,30
1083,1,2015-09-01,0.6,0.9,210,30
1083,2,2016-09-01,0.6,0.9,210,30
1084,1,2015-09-01,0.6,0.9,210,30
1084,2,2016-09-01,0.6,0.9,210,30
1085,1,2015-09-01,0.6,0.9,210,30
1085,2,2016-09-01,0.6,0.9,210,30
1089,1,2015-09-01,0.6,0.9,210,30
1089,2,2016-09-01,0.6,0.9,210,30
1090,1,2015-09-01,0.6,0.9,210,30
1090,2,2016-09-01,0.6,0.9,210,30
1091,1,2015-09-01,0.6,0.9,210,30
1091,2,2016-09-01,0.6,0.9,210,30
1092,1,2015-09-01,0.6,0.9,210,30
1092,2,2016-09-01,0.6,0.9,210,30
1093,1,2015-09-01,0.6,0.9,210,30
1094,1,2015-09-01,0.6,0.9,210,30
1094,2,2016-09-01,0.6,0.9,210,30
1095,1,2015-09-01,0.6,0.9,210,30
1095,2,2016-09-01,0.6,0.9,210,30
1096,1,2015-09-01,0.6,0.9,210,30
1096,2,2016-09-01,0.6,0.9,210,30
1105,1,2015-09-01,0.6,0.9,210,30
1105,2,2016-09-01,0.6,0.9,210,30
1106,1,2015-09-01,0.6,0.9,210,30
1106,2,2016-09-01,0.6,0.9,210,30
1107,1,2015-09-01,0.6,0.9,210,30
1107,2,2016-09-01,0.6,0.9,210,30
1108,1,2015-09-01,0.6,0.9,210,30
1109,1,2015-09-01,0.6,0.9,210,30
1109,2,2016-09-01,0.6,0.9,210,30
1110,1,2015-09-01,0.6,0.9,210,30
1110,2,2016-09-01,0.6,0.9,210,30
1118,1,2015-09-01,0.6,0.9,210,30
1118,2,2016-09-01,0.6,0.9,210,30
1119,1,2015-09-01,0.6,0.9,210,30
1119,2,2016-09-01,0.6,0.9,210,30
1120,1,2015-09-01,0.6,0.9,210,30
1120,2,2016-09-01,0.6,0.9,210,30
1121,1,2015-09-01,0.6,0.9,210,30
1121,2,2016-09-01,0.6,0.9,210,30
1122,1,2015-09-01,0.6,0.9,210,30
1122,2,2016-09-01,0.6,0.9,210,30
1123,1,2015-09-01,0.6,0.9,210,30
1123,2,2016-09-01,0.6,0.9,210,30
1128,1,2015-09-01,0.6,0.9,210,30
1128,2,2016-09-01,0.6,0.9,210,30
1129,1,2015-09-01,0.6,0.9,210,30
1129,2,2016-09-01,0.6,0.9,210,30
1130,1,2015-09-01,0.6,0.9,210,30
1130,2,2016-09-01,0.6,0.9,210,30
1133,1,2015-09-01,0.6,0.9,210,30
1133,2,2016-09-01,0.6,0.9,210,30
1134,1,2015-09-01,0.6,0.9,210,30
1134,2,2016-09-01,0.6,0.9,210,30
1135,1,2015-09-01,0.6,0.9,210,30
1135,2,2016-09-01,0.6,0.9,210,30
1136,1,2015-09-01,0.6,0.9,210,30
1136,2,2016-09-01,0.6,0.9,210,30
1142,1,2015-09-01,0.6,0.9,210,30
1142,2,2016-09-01,0.6,0.9,210,30
1143,1,2015-09-01,0.6,0.9,210,30
1143,2,2016-09-01,0.6,0.9,210,30
1144,1,2015-09-01,0.6,0.9,210,30
1145,1,2015-09-01,0.6,0.9,210,30
1145,2,2016-09-01,0.6,0.9,210,30
1146,1,2015-09-01,0.6,0.9,210,30
1146,2,2016-09-01,0.6,0.9,210,30
1147,1,2015-09-01,0.6,0.9,210,30
1147,2,2016-09-01,0.6,0.9,210,30
1148,1,2015-09-01,0.6,0.9,210,30
1148,2,2016-09-01,0.6,0.9,210,30
1149,1,2015-09-01,0.6,0.9,210,30
1149,2,2016-09-01,0.6,0.9,210,30
1154,1,2015-09-01,0.6,0.9,210,30
1154,2,2016-09-01,0.6,0.9,210,30
1155,1,2015-09-01,0.6,0.9,210,30
1155,2,2016-09-01,0.6,0.9,210,30
1156,1,2015-09-01,0.6,0.9,210,30
1157,1,2015-09-01,0.6,0.9,210,30
1157,2,2016-09-01,0.6,0.9,210,30
1158,1,2015-09-01,0.6,0.9,210,30
1158,2,2016-09-01,0.6,0.9,210,30
1159,1,2015-09-01,0.6,0.9,210,30
1159,2,2016-09-01,0.6,0.9,210,30
1160,1,2015-09-01,0.6,0.9,210,30
1160,2,2016-09-01,0.6,0.9,210,30
1161,1,2015-09-01,0.6,0.9,210,30
1161,2,2016-09-01,0.6,0.9,210,30
1162,1,2015-09-01,0.6,0.9,210,30
1162,2,2016-09-01,0.6,0.9,210,30
1168,1,2015-09-01,0.6,0.9,210,30
1168,2,2016-09-01,0.6,0.9,210,30
1169,1,2015-09-01,0.6,0.9,210,30
1169,2,2016-09-01,0.6,0.9,210,30
1170,1,2015-09-01,0.6,0.9,210,30
1170,2,2016-09-01,0.6,0.9,210,30
1171,1,2015-09-01,0.6,0.9,210,30
1171,2,2016-09-01,0.6,0.9,210,30
1172,1,2015-09-01,0.6,0.9,210,30
1173,1,2015-09-01,0.6,0.9,210,30
1173,2,2016-09-01,0.6,0.9,210,30
1174,1,2015-09-01,0.6,0.9,210,30
1174,2,2016-09-01,0.6,0.9,210,30
1175,1,2015-09-01,0.6,0.9,210,30
1175,2,2016-09-01,0.6,0.9,210,30
1176,1,2015-09-01,0.6,0.9,210,30
1176,2,2016-09-01,0.6,0.9,210,30
1177,1,2015-09-01,0.6,0.9,210,30
1177,2,2016-09-01,0.6,0.9,210,30
1178,1,2015-09-01,0.6,0.9,210,30
1178,2,2016-09-01,0.6,0.9,210,30
1179,1,2015-09-01,0.6,0.9,210,30
1179,2,2016-09-01,0.6,0.9,210,30
1180,1,2015-09-01,0.6,0.9,210,30
1180,2,2016-09-01,0.6,0.9,210,30
1187,1,2015-09-01,0.6,0.9,210,30
1187,2,2016-09-01,0.6,0.9,210,30
1188,1,2015-09-01,0.6,0.9,210,30
1188,2,2016-09-01,0.6,0.9,210,30
1189,1,2015-09-01,0.6,0.9,210,30
1189,2,2016-09-01,0.6,0.9,210,30
1190,1,2015-09-01,0.6,0.9,210,30
1190,2,2016-09-01,0.6,0.9,210,30
1191,1,2015-09-01,0.6,0.9,210,30
1191,2,2016-09-01,0.6,0.9,210,30
1192,1,2015-09-01,0.6,0.9,210,30
1192,2,2016-09-01,0.6,0.9,210,30
1193,1,2015-09-01,0.6,0.9,210,30
1193,2,2016-09-01,0.6,0.9,210,30
1194,1,2015-09-01,0.6,0.9,210,30
1194,2,2016-09-01,0.6,0.9,210,30
1195,1,2015-09-01,0.6,0.9,210,30
1195,2,2016-09-01,0.6,0.9,210,30
1196,1,2015-09-01,0.6,0.9,210,30
1196,2,2016-09-01,0.6,0.9,210,30
1197,1,2015-09-01,0.6,0.9,210,30
1197,2,2016-09-01,0.6,0.9,210,30
1198,1,2015-09-01,0.6,0.9,210,30
1198,2,2016-09-01,0.6,0.9,210,30
1205,1,2015-09-01,0.6,0.9,210,30
1205,2,2016-09-01,0.6,0.9,210,30
1206,1,2015-09-01,0.6,0.9,210,30
1206,2,2016-09-01,0.6,0.9,210,30
1207,1,2015-09-01,0.6,0.9,210,30
1207,2,2016-09-01,0.6,0.9,210,30
1208,1,2015-09-01,0.6,0.9,210,30
1208,2,2016-09-01,0.6,0.9,210,30
1209,1,2015-09-01,0.6,0.9,210,30
1209,2,2016-09-01,0.6,0.9,210,30
1210,1,2015-09-01,0.6,0.9,210,30
1210,2,2016-09-01,0.6,0.9,210,30
1211,1,2015-09-01,0.6,0.9,210,30
1211,2,2016-09-01,0.6,0.9,210,30
1212,1,2015-09-01,0.6,0.9,210,30
1212,2,2016-09-01,0.6,0.9,210,30
1213,1,2015-09-01,0.6,0.9,210,30
1213,2,2016-09-01,0.6,0.9,210,30
1214,1,2015-09-01,0.6,0.9,210,30
1214,2,2016-09-01,0.6,0.9,210,30
1215,1,2015-09-01,0.6,0.9,210,30
1215,2,2016-09-01,0.6,0.9,210,30
1216,1,2015-09-01,0.6,0.9,210,30
1222,1,2015-09-01,0.6,0.9,210,30
1222,2,2016-09-01,0.6,0.9,210,30
1223,1,2015-09-01,0.6,0.9,210,30
1223,2,2016-09-01,0.6,0.9,210,30
1224,1,2015-09-01,0.6,0.9,210,30
1224,2,2016-09-01,0.6,0.9,210,30
1225,1,2015-09-01,0.6,0.9,210,30
1225,2,2016-09-01,0.6,0.9,210,30
1226,1,2015-09-01,0.6,0.9,210,30
1226,2,2016-09-01,0.6,0.9,210,30
1227,1,2015-09-01,0.6,0.9,210,30
1227,2,2016-09-01,0.6,0.9,210,30
1230,1,2015-09-01,0.6,0.9,210,30
1230,2,2016-09-01,0.6,0.9,210,30
1231,1,2015-09-01,0.6,0.9,210,30
1232,1,2015-09-01,0.6,0.9,210,30
1232,2,2016-09-01,0.6,0.9,210,30
1233,1,2015-09-01,0.6,0.9,210,30
1233,2,2016-09-01,0.6,0.9,210,30
1234,1,2015-09-01,0.6,0.9,210,30
1235,1,2015-09-01,0.6,0.9,210,30
1235,2,2016-09-01,0.6,0.9,210,30
1236,1,2015-09-01,0.6,0.9,210,30
1237,1,2015-09-01,0.6,0.9,210,30
1237,2,2016-09-01,0.6,0.9,210,30
1238,1,2015-09-01,0.6,0.9,210,30
1238,2,2016-09-01,0.6,0.9,210,30
1239,1,2015-09-01,0.6,0.9,210,30
1239,2,2016-09-01,0.6,0.9,210,30
1240,1,2015-09-01,0.6,0.9,210,30
1240,2,2016-09-01,0.6,0.9,210,30
1241,1,2015-09-01,0.6,0.9,210,30
1241,2,2016-09-01,0.6,0.9,210,30
1242,1,2015-09-01,0.6,0.9,210,30
1242,2,2016-09-01,0.6,0.9,210,30
1243,1,2015-09-01,0.6,0.9,210,30
1243,2,2016-09-01,0.6,0.9,210,30
1244,1,2015-09-01,0.6,0.9,210,30
1244,2,2016-09-01,0.6,0.9,210,30
1245,1,2015-09-01,0.6,0.9,210,30
1245,2,2016-09-01,0.6,0.9,210,30
1246,1,2015-09-01,0.6,0.9,210,30
1246,2,2016-09-01,0.6,0.9,210,30
1247,1,2015-09-01,0.6,0.9,210,30
1247,2,2016-09-01,0.6,0.9,210,30
1248,1,2015-09-01,0.6,0.9,210,30
1248,2,2016-09-01,0.6,0.9,210,30
1249,1,2015-09-01,0.6,0.9,210,30
1249,2,2016-09-01,0.6,0.9,210,30
1250,1,2015-09-01,0.6,0.9,210,30
1250,2,2016-09-01,0.6,0.9,210,30
1251,1,2015-09-01,0.6,0.9,210,30
1251,2,2016-09-01,0.6,0.9,210,30
1252,1,2015-09-01,0.6,0.9,210,30
1252,2,2016-09-01,0.6,0.9,210,30
1253,1,2015-09-01,0.6,0.9,210,30
1253,2,2016-09-01,0.6,0.9,210,30
1254,1,2015-09-01,0.6,0.9,210,30
1254,2,2016-09-01,0.6,0.9,210,30
1255,1,2015-09-01,0.6,0.9,210,30
1255,2,2016-09-01,0.6,0.9,210,30
1256,1,2015-09-01,0.6,0.9,210,30
1256,2,2016-09-01,0.6,0.9,210,30
1257,1,2015-09-01,0.6,0.9,210,30
1257,2,2016-09-01,0.6,0.9,210,30
1258,1,2015-09-01,0.6,0.9,210,30
1258,2,2016-09-01,0.6,0.9,210,30
1259,1,2015-09-01,0.6,0.9,210,30
1259,2,2016-09-01,0.6,0.9,210,30
1260,1,2015-09-01,0.6,0.9,210,30
1260,2,2016-09-01,0.6,0.9,210,30
1261,1,2015-09-01,0.6,0.9,210,30
1261,2,2016-09-01,0.6,0.9,210,30
1262,1,2015-09-01,0.6,0.9,210,30
1262,2,2016-09-01,0.6,0.9,210,30
1263,1,2015-09-01,0.6,0.9,210,30
1263,2,2016-09-01,0.6,0.9,210,30
1264,1,2015-09-01,0.6,0.9,210,30
1264,2,2016-09-01,0.6,0.9,210,30
1265,1,2015-09-01,0.6,0.9,210,30
1265,2,2016-09-01,0.6,0.9,210,30
1266,1,2015-09-01,0.6,0.9,210,30
1266,2,2016-09-01,0.6,0.9,210,30
1267,1,2015-09-01,0.6,0.9,210,30
1267,2,2016-09-01,0.6,0.9,210,30
1268,1,2015-09-01,0.6,0.9,210,30
1268,2,2016-09-01,0.6,0.9,210,30
1269,1,2015-09-01,0.6,0.9,210,30
1269,2,2016-09-01,0.6,0.9,210,30
1270,1,2015-09-01,0.6,0.9,210,30
1270,2,2016-09-01,0.6,0.9,210,30
1271,1,2015-09-01,0.6,0.9,210,30
1271,2,2016-09-01,0.6,0.9,210,30
1272,1,2015-09-01,0.6,0.9,210,30
1272,2,2016-09-01,0.6,0.9,210,30
1273,1,2015-09-01,0.6,0.9,210,30
1273,2,2016-09-01,0.6,0.9,210,30
1274,1,2015-09-01,0.6,0.9,210,30
1274,2,2016-09-01,0.6,0.9,210,30
1275,1,2015-09-01,0.6,0.9,210,30
1275,2,2016-09-01,0.6,0.9,210,30
1276,1,2015-09-01,0.6,0.9,210,30
1276,2,2016-09-01,0.6,0.9,210,30
1277,1,2015-09-01,0.6,0.9,210,30
1277,2,2016-09-01,0.6,0.9,210,30
1278,1,2015-09-01,0.6,0.9,210,30
1278,2,2016-09-01,0.6,0.9,210,30
1279,1,2015-09-01,0.6,0.9,210,30
1279,2,2016-09-01,0.6,0.9,210,30
1280,1,2015-09-01,0.6,0.9,210,30
1280,2,2016-09-01,0.6,0.9,210,30
1281,1,2015-09-01,0.6,0.9,210,30
1281,2,2016-09-01,0.6,0.9,210,30
1282,1,2015-09-01,0.6,0.9,210,30
1282,2,2016-09-01,0.6,0.9,210,30
1283,1,2015-09-01,0.6,0.9,210,30
1283,2,2016-09-01,0.6,0.9,210,30
1284,1,2015-09-01,0.6,0.9,210,30
1285,1,2015-09-01,0.6,0.9,210,30
1285,2,2016-09-01,0.6,0.9,210,30
1286,1,2015-09-01,0.6,0.9,210,30
1287,1,2015-09-01,0.6,0.9,210,30
1288,1,2015-09-01,0.6,0.9,210,30
1288,2,2016-09-01,0.6,0.9,210,30
1289,1,2015-09-01,0.6,0.9,210,30
1289,2,2016-09-01,0.6,0.9,210,30
1290,1,2015-09-01,0.6,0.9,210,30
1290,2,2016-09-01,0.6,0.9,210,30
1291,1,2015-09-01,0.6,0.9,210,30
1292,1,2015-09-01,0.6,0.9,210,30
1293,1,2015-09-01,0.6,0.9,210,30
1293,2,2016-09-01,0.6,0.9,210,30
1294,1,2015-09-01,0.6,0.9,210,30
1294,2,2016-09-01,0.6,0.9,210,30
1295,1,2015-09-01,0.6,0.9,210,30
1295,2,2016-09-01,0.6,0.9,210,30
1296,1,2015-09-01,0.6,0.9,210,30
1296,2,2016-09-01,0.6,0.9,210,30
1297,1,2015-09-01,0.6,0.9,210,30
1297,2,2016-09-01,0.6,0.9,210,30
1298,1,2015-09-01,0.6,0.9,210,30
1298,2,2016-09-01,0.6,0.9,210,30
1299,1,2015-09-01,0.6,0.9,210,30
1299,2,2016-09-01,0.6,0.9,210,30
1300,1,2015-09-01,0.6,0.9,210,30
1301,1,2015-09-01,0.6,0.9,210,30
1301,2,2016-09-01,0.6,0.9,210,30
