event,fulldate,cov_all,age_cov,min_season_cov,fast_fraction,grid_cell
1,2014-09-01,0.6,0.9,0.5,0.6,2
2,2016-09-01,0.6,0.9,0.5,0.6,2
1,2014-09-01,0.6,0.9,0.5,0.6,3
2,2016-09-01,0.6,0.9,0.5,0.6,3
1,2014-09-01,0.6,0.9,0.5,0.6,4
2,2016-09-01,0.6,0.9,0.5,0.6,4
1,2014-09-01,0.6,0.9,0.5,0.6,5
2,2016-09-01,0.6,0.9,0.5,0.6,5
1,2014-09-01,0.6,0.9,0.5,0.6,6
2,2016-09-01,0.6,0.9,0.5,0.6,6
1,2014-09-01,0.6,0.9,0.5,0.6,7
2,2016-09-01,0.6,0.9,0.5,0.6,7
1,2014-09-01,0.6,0.9,0.5,0.6,8
2,2016-09-01,0.6,0.9,0.5,0.6,8
1,2014-09-01,0.6,0.9,0.5,0.6,10
2,2016-09-01,0.6,0.9,0.5,0.6,10
1,2014-09-01,0.6,0.9,0.5,0.6,12
2,2016-09-01,0.6,0.9,0.5,0.6,12
1,2014-09-01,0.6,0.9,0.5,0.6,13
2,2016-09-01,0.6,0.9,0.5,0.6,13
1,2014-09-01,0.6,0.9,0.5,0.6,14
2,2016-09-01,0.6,0.9,0.5,0.6,14
1,2014-09-01,0.6,0.9,0.5,0.6,15
2,2016-09-01,0.6,0.9,0.5,0.6,15
1,2014-09-01,0.6,0.9,0.5,0.6,16
2,2016-09-01,0.6,0.9,0.5,0.6,16
1,2014-09-01,0.6,0.9,0.5,0.6,18
2,2016-09-01,0.6,0.9,0.5,0.6,18
1,2014-09-01,0.6,0.9,0.5,0.6,19
2,2016-09-01,0.6,0.9,0.5,0.6,19
1,2014-09-01,0.6,0.9,0.5,0.6,20
2,2016-09-01,0.6,0.9,0.5,0.6,20
1,2014-09-01,0.6,0.9,0.5,0.6,21
2,2016-09-01,0.6,0.9,0.5,0.6,21
1,2014-09-01,0.6,0.9,0.5,0.6,22
2,2016-09-01,0.6,0.9,0.5,0.6,22
1,2014-09-01,0.6,0.9,0.5,0.6,23
2,2016-09-01,0.6,0.9,0.5,0.6,23
1,2014-09-01,0.6,0.9,0.5,0.6,24
2,2016-09-01,0.6,0.9,0.5,0.6,24
1,2014-09-01,0.6,0.9,0.5,0.6,25
2,2016-09-01,0.6,0.9,0.5,0.6,25
1,2014-09-01,0.6,0.9,0.5,0.6,27
2,2016-09-01,0.6,0.9,0.5,0.6,27
1,2014-09-01,0.6,0.9,0.5,0.6,28
2,2016-09-01,0.6,0.9,0.5,0.6,28
1,2014-09-01,0.6,0.9,0.5,0.6,29
2,2016-09-01,0.6,0.9,0.5,0.6,29
1,2014-09-01,0.6,0.9,0.5,0.6,30
2,2016-09-01,0.6,0.9,0.5,0.6,30
1,2014-09-01,0.6,0.9,0.5,0.6,31
2,2016-09-01,0.6,0.9,0.5,0.6,31
1,2014-09-01,0.6,0.9,0.5,0.6,32
2,2016-09-01,0.6,0.9,0.5,0.6,32
1,2014-09-01,0.6,0.9,0.5,0.6,33
2,2016-09-01,0.6,0.9,0.5,0.6,33
1,2014-09-01,0.6,0.9,0.5,0.6,35
2,2016-09-01,0.6,0.9,0.5,0.6,35
1,2014-09-01,0.6,0.9,0.5,0.6,36
2,2016-09-01,0.6,0.9,0.5,0.6,36
1,2014-09-01,0.6,0.9,0.5,0.6,38
2,2016-09-01,0.6,0.9,0.5,0.6,38
1,2014-09-01,0.6,0.9,0.5,0.6,39
2,2016-09-01,0.6,0.9,0.5,0.6,39
1,2014-09-01,0.6,0.9,0.5,0.6,40
2,2016-09-01,0.6,0.9,0.5,0.6,40
1,2014-09-01,0.6,0.9,0.5,0.6,41
2,2016-09-01,0.6,0.9,0.5,0.6,41
1,2014-09-01,0.6,0.9,0.5,0.6,42
2,2016-09-01,0.6,0.9,0.5,0.6,42
1,2014-09-01,0.6,0.9,0.5,0.6,43
2,2016-09-01,0.6,0.9,0.5,0.6,43
1,2014-09-01,0.6,0.9,0.5,0.6,46
2,2016-09-01,0.6,0.9,0.5,0.6,46
1,2014-09-01,0.6,0.9,0.5,0.6,47
2,2016-09-01,0.6,0.9,0.5,0.6,47
1,2014-09-01,0.6,0.9,0.5,0.6,49
2,2016-09-01,0.6,0.9,0.5,0.6,49
1,2014-09-01,0.6,0.9,0.5,0.6,50
2,2016-09-01,0.6,0.9,0.5,0.6,50
1,2014-09-01,0.6,0.9,0.5,0.6,52
2,2016-09-01,0.6,0.9,0.5,0.6,52
1,2014-09-01,0.6,0.9,0.5,0.6,54
2,2016-09-01,0.6,0.9,0.5,0.6,54
1,2014-09-01,0.6,0.9,0.5,0.6,55
2,2016-09-01,0.6,0.9,0.5,0.6,55
1,2014-09-01,0.6,0.9,0.5,0.6,56
2,2016-09-01,0.6,0.9,0.5,0.6,56
1,2014-09-01,0.6,0.9,0.5,0.6,57
2,2016-09-01,0.6,0.9,0.5,0.6,57
1,2014-09-01,0.6,0.9,0.5,0.6,58
2,2016-09-01,0.6,0.9,0.5,0.6,58
1,2014-09-01,0.6,0.9,0.5,0.6,59
2,2016-09-01,0.6,0.9,0.5,0.6,59
1,2014-09-01,0.6,0.9,0.5,0.6,60
2,2016-09-01,0.6,0.9,0.5,0.6,60
1,2014-09-01,0.6,0.9,0.5,0.6,61
2,2016-09-01,0.6,0.9,0.5,0.6,61
1,2014-09-01,0.6,0.9,0.5,0.6,62
2,2016-09-01,0.6,0.9,0.5,0.6,62
1,2014-09-01,0.6,0.9,0.5,0.6,63
2,2016-09-01,0.6,0.9,0.5,0.6,63
1,2014-09-01,0.6,0.9,0.5,0.6,64
2,2016-09-01,0.6,0.9,0.5,0.6,64
1,2014-09-01,0.6,0.9,0.5,0.6,66
2,2016-09-01,0.6,0.9,0.5,0.6,66
1,2014-09-01,0.6,0.9,0.5,0.6,67
2,2016-09-01,0.6,0.9,0.5,0.6,67
1,2014-09-01,0.6,0.9,0.5,0.6,70
2,2016-09-01,0.6,0.9,0.5,0.6,70
1,2014-09-01,0.6,0.9,0.5,0.6,73
2,2016-09-01,0.6,0.9,0.5,0.6,73
1,2014-09-01,0.6,0.9,0.5,0.6,74
2,2016-09-01,0.6,0.9,0.5,0.6,74
1,2014-09-01,0.6,0.9,0.5,0.6,75
2,2016-09-01,0.6,0.9,0.5,0.6,75
1,2014-09-01,0.6,0.9,0.5,0.6,76
2,2016-09-01,0.6,0.9,0.5,0.6,76
1,2014-09-01,0.6,0.9,0.5,0.6,79
2,2016-09-01,0.6,0.9,0.5,0.6,79
1,2014-09-01,0.6,0.9,0.5,0.6,80
2,2016-09-01,0.6,0.9,0.5,0.6,80
1,2014-09-01,0.6,0.9,0.5,0.6,81
2,2016-09-01,0.6,0.9,0.5,0.6,81
1,2014-09-01,0.6,0.9,0.5,0.6,82
2,2016-09-01,0.6,0.9,0.5,0.6,82
1,2014-09-01,0.6,0.9,0.5,0.6,83
2,2016-09-01,0.6,0.9,0.5,0.6,83
1,2014-09-01,0.6,0.9,0.5,0.6,84
2,2016-09-01,0.6,0.9,0.5,0.6,84
1,2014-09-01,0.6,0.9,0.5,0.6,86
2,2016-09-01,0.6,0.9,0.5,0.6,86
1,2014-09-01,0.6,0.9,0.5,0.6,87
2,2016-09-01,0.6,0.9,0.5,0.6,87
1,2014-09-01,0.6,0.9,0.5,0.6,88
2,2016-09-01,0.6,0.9,0.5,0.6,88
1,2014-09-01,0.6,0.9,0.5,0.6,89
2,2016-09-01,0.6,0.9,0.5,0.6,89
1,2014-09-01,0.6,0.9,0.5,0.6,90
2,2016-09-01,0.6,0.9,0.5,0.6,90
1,2014-09-01,0.6,0.9,0.5,0.6,92
2,2016-09-01,0.6,0.9,0.5,0.6,92
1,2014-09-01,0.6,0.9,0.5,0.6,93
2,2016-09-01,0.6,0.9,0.5,0.6,93
1,2014-09-01,0.6,0.9,0.5,0.6,94
2,2016-09-01,0.6,0.9,0.5,0.6,94
1,2014-09-01,0.6,0.9,0.5,0.6,95
2,2016-09-01,0.6,0.9,0.5,0.6,95
1,2014-09-01,0.6,0.9,0.5,0.6,96
2,2016-09-01,0.6,0.9,0.5,0.6,96
1,2014-09-01,0.6,0.9,0.5,0.6,97
2,2016-09-01,0.6,0.9,0.5,0.6,97
1,2014-09-01,0.6,0.9,0.5,0.6,98
2,2016-09-01,0.6,0.9,0.5,0.6,98
1,2014-09-01,0.6,0.9,0.5,0.6,99
2,2016-09-01,0.6,0.9,0.5,0.6,99
1,2014-09-01,0.6,0.9,0.5,0.6,100
2,2016-09-01,0.6,0.9,0.5,0.6,100
1,2014-09-01,0.6,0.9,0.5,0.6,101
2,2016-09-01,0.6,0.9,0.5,0.6,101
1,2014-09-01,0.6,0.9,0.5,0.6,102
2,2016-09-01,0.6,0.9,0.5,0.6,102
1,2014-09-01,0.6,0.9,0.5,0.6,103
2,2016-09-01,0.6,0.9,0.5,0.6,103
1,2014-09-01,0.6,0.9,0.5,0.6,104
2,2016-09-01,0.6,0.9,0.5,0.6,104
1,2014-09-01,0.6,0.9,0.5,0.6,105
2,2016-09-01,0.6,0.9,0.5,0.6,105
1,2014-09-01,0.6,0.9,0.5,0.6,106
2,2016-09-01,0.6,0.9,0.5,0.6,106
1,2014-09-01,0.6,0.9,0.5,0.6,107
2,2016-09-01,0.6,0.9,0.5,0.6,107
1,2014-09-01,0.6,0.9,0.5,0.6,108
2,2016-09-01,0.6,0.9,0.5,0.6,108
1,2014-09-01,0.6,0.9,0.5,0.6,109
2,2016-09-01,0.6,0.9,0.5,0.6,109
1,2014-09-01,0.6,0.9,0.5,0.6,110
2,2016-09-01,0.6,0.9,0.5,0.6,110
1,2014-09-01,0.6,0.9,0.5,0.6,111
2,2016-09-01,0.6,0.9,0.5,0.6,111
1,2014-09-01,0.6,0.9,0.5,0.6,113
2,2016-09-01,0.6,0.9,0.5,0.6,113
1,2014-09-01,0.6,0.9,0.5,0.6,114
2,2016-09-01,0.6,0.9,0.5,0.6,114
1,2014-09-01,0.6,0.9,0.5,0.6,115
2,2016-09-01,0.6,0.9,0.5,0.6,115
1,2014-09-01,0.6,0.9,0.5,0.6,117
2,2016-09-01,0.6,0.9,0.5,0.6,117
1,2014-09-01,0.6,0.9,0.5,0.6,118
2,2016-09-01,0.6,0.9,0.5,0.6,118
1,2014-09-01,0.6,0.9,0.5,0.6,119
2,2016-09-01,0.6,0.9,0.5,0.6,119
1,2014-09-01,0.6,0.9,0.5,0.6,120
2,2016-09-01,0.6,0.9,0.5,0.6,120
1,2014-09-01,0.6,0.9,0.5,0.6,121
2,2016-09-01,0.6,0.9,0.5,0.6,121
1,2014-09-01,0.6,0.9,0.5,0.6,122
2,2016-09-01,0.6,0.9,0.5,0.6,122
1,2014-09-01,0.6,0.9,0.5,0.6,123
2,2016-09-01,0.6,0.9,0.5,0.6,123
1,2014-09-01,0.6,0.9,0.5,0.6,124
2,2016-09-01,0.6,0.9,0.5,0.6,124
1,2014-09-01,0.6,0.9,0.5,0.6,125
2,2016-09-01,0.6,0.9,0.5,0.6,125
1,2014-09-01,0.6,0.9,0.5,0.6,126
2,2016-09-01,0.6,0.9,0.5,0.6,126
1,2014-09-01,0.6,0.9,0.5,0.6,127
2,2016-09-01,0.6,0.9,0.5,0.6,127
1,2014-09-01,0.6,0.9,0.5,0.6,128
2,2016-09-01,0.6,0.9,0.5,0.6,128
1,2014-09-01,0.6,0.9,0.5,0.6,129
2,2016-09-01,0.6,0.9,0.5,0.6,129
1,2014-09-01,0.6,0.9,0.5,0.6,131
2,2016-09-01,0.6,0.9,0.5,0.6,131
1,2014-09-01,0.6,0.9,0.5,0.6,132
2,2016-09-01,0.6,0.9,0.5,0.6,132
1,2014-09-01,0.6,0.9,0.5,0.6,134
2,2016-09-01,0.6,0.9,0.5,0.6,134
1,2014-09-01,0.6,0.9,0.5,0.6,136
2,2016-09-01,0.6,0.9,0.5,0.6,136
1,2014-09-01,0.6,0.9,0.5,0.6,137
2,2016-09-01,0.6,0.9,0.5,0.6,137
1,2014-09-01,0.6,0.9,0.5,0.6,138
2,2016-09-01,0.6,0.9,0.5,0.6,138
1,2014-09-01,0.6,0.9,0.5,0.6,139
2,2016-09-01,0.6,0.9,0.5,0.6,139
1,2014-09-01,0.6,0.9,0.5,0.6,140
2,2016-09-01,0.6,0.9,0.5,0.6,140
1,2014-09-01,0.6,0.9,0.5,0.6,141
2,2016-09-01,0.6,0.9,0.5,0.6,141
1,2014-09-01,0.6,0.9,0.5,0.6,142
2,2016-09-01,0.6,0.9,0.5,0.6,142
1,2014-09-01,0.6,0.9,0.5,0.6,143
2,2016-09-01,0.6,0.9,0.5,0.6,143
1,2014-09-01,0.6,0.9,0.5,0.6,144
2,2016-09-01,0.6,0.9,0.5,0.6,144
1,2014-09-01,0.6,0.9,0.5,0.6,145
2,2016-09-01,0.6,0.9,0.5,0.6,145
1,2014-09-01,0.6,0.9,0.5,0.6,146
2,2016-09-01,0.6,0.9,0.5,0.6,146
1,2014-09-01,0.6,0.9,0.5,0.6,147
2,2016-09-01,0.6,0.9,0.5,0.6,147
1,2014-09-01,0.6,0.9,0.5,0.6,148
2,2016-09-01,0.6,0.9,0.5,0.6,148
1,2014-09-01,0.6,0.9,0.5,0.6,149
2,2016-09-01,0.6,0.9,0.5,0.6,149
1,2014-09-01,0.6,0.9,0.5,0.6,150
2,2016-09-01,0.6,0.9,0.5,0.6,150
1,2014-09-01,0.6,0.9,0.5,0.6,151
2,2016-09-01,0.6,0.9,0.5,0.6,151
1,2014-09-01,0.6,0.9,0.5,0.6,152
2,2016-09-01,0.6,0.9,0.5,0.6,152
1,2014-09-01,0.6,0.9,0.5,0.6,153
2,2016-09-01,0.6,0.9,0.5,0.6,153
1,2014-09-01,0.6,0.9,0.5,0.6,154
2,2016-09-01,0.6,0.9,0.5,0.6,154
1,2014-09-01,0.6,0.9,0.5,0.6,155
2,2016-09-01,0.6,0.9,0.5,0.6,155
1,2014-09-01,0.6,0.9,0.5,0.6,156
2,2016-09-01,0.6,0.9,0.5,0.6,156
1,2014-09-01,0.6,0.9,0.5,0.6,157
2,2016-09-01,0.6,0.9,0.5,0.6,157
1,2014-09-01,0.6,0.9,0.5,0.6,158
2,2016-09-01,0.6,0.9,0.5,0.6,158
1,2014-09-01,0.6,0.9,0.5,0.6,160
2,2016-09-01,0.6,0.9,0.5,0.6,160
1,2014-09-01,0.6,0.9,0.5,0.6,161
2,2016-09-01,0.6,0.9,0.5,0.6,161
1,2014-09-01,0.6,0.9,0.5,0.6,162
2,2016-09-01,0.6,0.9,0.5,0.6,162
1,2014-09-01,0.6,0.9,0.5,0.6,163
2,2016-09-01,0.6,0.9,0.5,0.6,163
1,2014-09-01,0.6,0.9,0.5,0.6,164
2,2016-09-01,0.6,0.9,0.5,0.6,164
1,2014-09-01,0.6,0.9,0.5,0.6,165
2,2016-09-01,0.6,0.9,0.5,0.6,165
1,2014-09-01,0.6,0.9,0.5,0.6,166
2,2016-09-01,0.6,0.9,0.5,0.6,166
1,2014-09-01,0.6,0.9,0.5,0.6,167
2,2016-09-01,0.6,0.9,0.5,0.6,167
1,2014-09-01,0.6,0.9,0.5,0.6,168
2,2016-09-01,0.6,0.9,0.5,0.6,168
1,2014-09-01,0.6,0.9,0.5,0.6,169
2,2016-09-01,0.6,0.9,0.5,0.6,169
1,2014-09-01,0.6,0.9,0.5,0.6,171
2,2016-09-01,0.6,0.9,0.5,0.6,171
1,2014-09-01,0.6,0.9,0.5,0.6,172
2,2016-09-01,0.6,0.9,0.5,0.6,172
1,2014-09-01,0.6,0.9,0.5,0.6,173
2,2016-09-01,0.6,0.9,0.5,0.6,173
1,2014-09-01,0.6,0.9,0.5,0.6,175
2,2016-09-01,0.6,0.9,0.5,0.6,175
1,2014-09-01,0.6,0.9,0.5,0.6,176
2,2016-09-01,0.6,0.9,0.5,0.6,176
1,2014-09-01,0.6,0.9,0.5,0.6,178
2,2016-09-01,0.6,0.9,0.5,0.6,178
1,2014-09-01,0.6,0.9,0.5,0.6,179
2,2016-09-01,0.6,0.9,0.5,0.6,179
1,2014-09-01,0.6,0.9,0.5,0.6,180
2,2016-09-01,0.6,0.9,0.5,0.6,180
1,2014-09-01,0.6,0.9,0.5,0.6,181
2,2016-09-01,0.6,0.9,0.5,0.6,181
1,2014-09-01,0.6,0.9,0.5,0.6,182
2,2016-09-01,0.6,0.9,0.5,0.6,182
1,2014-09-01,0.6,0.9,0.5,0.6,183
2,2016-09-01,0.6,0.9,0.5,0.6,183
1,2014-09-01,0.6,0.9,0.5,0.6,184
2,2016-09-01,0.6,0.9,0.5,0.6,184
1,2014-09-01,0.6,0.9,0.5,0.6,186
2,2016-09-01,0.6,0.9,0.5,0.6,186
1,2014-09-01,0.6,0.9,0.5,0.6,187
2,2016-09-01,0.6,0.9,0.5,0.6,187
1,2014-09-01,0.6,0.9,0.5,0.6,188
2,2016-09-01,0.6,0.9,0.5,0.6,188
1,2014-09-01,0.6,0.9,0.5,0.6,189
2,2016-09-01,0.6,0.9,0.5,0.6,189
1,2014-09-01,0.6,0.9,0.5,0.6,191
2,2016-09-01,0.6,0.9,0.5,0.6,191
1,2014-09-01,0.6,0.9,0.5,0.6,193
2,2016-09-01,0.6,0.9,0.5,0.6,193
1,2014-09-01,0.6,0.9,0.5,0.6,194
2,2016-09-01,0.6,0.9,0.5,0.6,194
1,2014-09-01,0.6,0.9,0.5,0.6,195
2,2016-09-01,0.6,0.9,0.5,0.6,195
1,2014-09-01,0.6,0.9,0.5,0.6,196
2,2016-09-01,0.6,0.9,0.5,0.6,196
1,2014-09-01,0.6,0.9,0.5,0.6,197
2,2016-09-01,0.6,0.9,0.5,0.6,197
1,2014-09-01,0.6,0.9,0.5,0.6,198
2,2016-09-01,0.6,0.9,0.5,0.6,198
1,2014-09-01,0.6,0.9,0.5,0.6,199
2,2016-09-01,0.6,0.9,0.5,0.6,199
1,2014-09-01,0.6,0.9,0.5,0.6,201
2,2016-09-01,0.6,0.9,0.5,0.6,201
1,2014-09-01,0.6,0.9,0.5,0.6,202
2,2016-09-01,0.6,0.9,0.5,0.6,202
1,2014-09-01,0.6,0.9,0.5,0.6,203
2,2016-09-01,0.6,0.9,0.5,0.6,203
1,2014-09-01,0.6,0.9,0.5,0.6,204
2,2016-09-01,0.6,0.9,0.5,0.6,204
1,2014-09-01,0.6,0.9,0.5,0.6,205
2,2016-09-01,0.6,0.9,0.5,0.6,205
1,2014-09-01,0.6,0.9,0.5,0.6,207
2,2016-09-01,0.6,0.9,0.5,0.6,207
1,2014-09-01,0.6,0.9,0.5,0.6,208
2,2016-09-01,0.6,0.9,0.5,0.6,208
1,2014-09-01,0.6,0.9,0.5,0.6,209
2,2016-09-01,0.6,0.9,0.5,0.6,209
1,2014-09-01,0.6,0.9,0.5,0.6,210
2,2016-09-01,0.6,0.9,0.5,0.6,210
1,2014-09-01,0.6,0.9,0.5,0.6,211
2,2016-09-01,0.6,0.9,0.5,0.6,211
1,2014-09-01,0.6,0.9,0.5,0.6,212
2,2016-09-01,0.6,0.9,0.5,0.6,212
1,2014-09-01,0.6,0.9,0.5,0.6,213
2,2016-09-01,0.6,0.9,0.5,0.6,213
1,2014-09-01,0.6,0.9,0.5,0.6,214
2,2016-09-01,0.6,0.9,0.5,0.6,214
1,2014-09-01,0.6,0.9,0.5,0.6,215
2,2016-09-01,0.6,0.9,0.5,0.6,215
1,2014-09-01,0.6,0.9,0.5,0.6,216
2,2016-09-01,0.6,0.9,0.5,0.6,216
1,2014-09-01,0.6,0.9,0.5,0.6,217
2,2016-09-01,0.6,0.9,0.5,0.6,217
1,2014-09-01,0.6,0.9,0.5,0.6,220
2,2016-09-01,0.6,0.9,0.5,0.6,220
1,2014-09-01,0.6,0.9,0.5,0.6,222
2,2016-09-01,0.6,0.9,0.5,0.6,222
1,2014-09-01,0.6,0.9,0.5,0.6,223
2,2016-09-01,0.6,0.9,0.5,0.6,223
1,2014-09-01,0.6,0.9,0.5,0.6,224
2,2016-09-01,0.6,0.9,0.5,0.6,224
1,2014-09-01,0.6,0.9,0.5,0.6,225
2,2016-09-01,0.6,0.9,0.5,0.6,225
1,2014-09-01,0.6,0.9,0.5,0.6,226
2,2016-09-01,0.6,0.9,0.5,0.6,226
1,2014-09-01,0.6,0.9,0.5,0.6,227
2,2016-09-01,0.6,0.9,0.5,0.6,227
1,2014-09-01,0.6,0.9,0.5,0.6,230
2,2016-09-01,0.6,0.9,0.5,0.6,230
1,2014-09-01,0.6,0.9,0.5,0.6,231
2,2016-09-01,0.6,0.9,0.5,0.6,231
1,2014-09-01,0.6,0.9,0.5,0.6,233
2,2016-09-01,0.6,0.9,0.5,0.6,233
1,2014-09-01,0.6,0.9,0.5,0.6,235
2,2016-09-01,0.6,0.9,0.5,0.6,235
1,2014-09-01,0.6,0.9,0.5,0.6,237
2,2016-09-01,0.6,0.9,0.5,0.6,237
1,2014-09-01,0.6,0.9,0.5,0.6,238
2,2016-09-01,0.6,0.9,0.5,0.6,238
1,2014-09-01,0.6,0.9,0.5,0.6,239
2,2016-09-01,0.6,0.9,0.5,0.6,239
1,2014-09-01,0.6,0.9,0.5,0.6,240
2,2016-09-01,0.6,0.9,0.5,0.6,240
1,2014-09-01,0.6,0.9,0.5,0.6,241
2,2016-09-01,0.6,0.9,0.5,0.6,241
1,2014-09-01,0.6,0.9,0.5,0.6,242
2,2016-09-01,0.6,0.9,0.5,0.6,242
1,2014-09-01,0.6,0.9,0.5,0.6,243
2,2016-09-01,0.6,0.9,0.5,0.6,243
1,2014-09-01,0.6,0.9,0.5,0.6,244
2,2016-09-01,0.6,0.9,0.5,0.6,244
1,2014-09-01,0.6,0.9,0.5,0.6,245
2,2016-09-01,0.6,0.9,0.5,0.6,245
1,2014-09-01,0.6,0.9,0.5,0.6,246
2,2016-09-01,0.6,0.9,0.5,0.6,246
1,2014-09-01,0.6,0.9,0.5,0.6,248
2,2016-09-01,0.6,0.9,0.5,0.6,248
1,2014-09-01,0.6,0.9,0.5,0.6,249
2,2016-09-01,0.6,0.9,0.5,0.6,249
1,2014-09-01,0.6,0.9,0.5,0.6,250
2,2016-09-01,0.6,0.9,0.5,0.6,250
1,2014-09-01,0.6,0.9,0.5,0.6,251
2,2016-09-01,0.6,0.9,0.5,0.6,251
1,2014-09-01,0.6,0.9,0.5,0.6,252
2,2016-09-01,0.6,0.9,0.5,0.6,252
1,2014-09-01,0.6,0.9,0.5,0.6,253
2,2016-09-01,0.6,0.9,0.5,0.6,253
1,2014-09-01,0.6,0.9,0.5,0.6,254
2,2016-09-01,0.6,0.9,0.5,0.6,254
1,2014-09-01,0.6,0.9,0.5,0.6,255
2,2016-09-01,0.6,0.9,0.5,0.6,255
1,2014-09-01,0.6,0.9,0.5,0.6,257
2,2016-09-01,0.6,0.9,0.5,0.6,257
1,2014-09-01,0.6,0.9,0.5,0.6,258
2,2016-09-01,0.6,0.9,0.5,0.6,258
1,2014-09-01,0.6,0.9,0.5,0.6,259
2,2016-09-01,0.6,0.9,0.5,0.6,259
1,2014-09-01,0.6,0.9,0.5,0.6,260
2,2016-09-01,0.6,0.9,0.5,0.6,260
1,2014-09-01,0.6,0.9,0.5,0.6,261
2,2016-09-01,0.6,0.9,0.5,0.6,261
1,2014-09-01,0.6,0.9,0.5,0.6,262
2,2016-09-01,0.6,0.9,0.5,0.6,262
1,2014-09-01,0.6,0.9,0.5,0.6,263
2,2016-09-01,0.6,0.9,0.5,0.6,263
1,2014-09-01,0.6,0.9,0.5,0.6,264
2,2016-09-01,0.6,0.9,0.5,0.6,264
1,2014-09-01,0.6,0.9,0.5,0.6,265
2,2016-09-01,0.6,0.9,0.5,0.6,265
1,2014-09-01,0.6,0.9,0.5,0.6,266
2,2016-09-01,0.6,0.9,0.5,0.6,266
1,2014-09-01,0.6,0.9,0.5,0.6,267
2,2016-09-01,0.6,0.9,0.5,0.6,267
1,2014-09-01,0.6,0.9,0.5,0.6,268
2,2016-09-01,0.6,0.9,0.5,0.6,268
1,2014-09-01,0.6,0.9,0.5,0.6,269
2,2016-09-01,0.6,0.9,0.5,0.6,269
1,2014-09-01,0.6,0.9,0.5,0.6,270
2,2016-09-01,0.6,0.9,0.5,0.6,270
1,2014-09-01,0.6,0.9,0.5,0.6,271
2,2016-09-01,0.6,0.9,0.5,0.6,271
1,2014-09-01,0.6,0.9,0.5,0.6,272
2,2016-09-01,0.6,0.9,0.5,0.6,272
1,2014-09-01,0.6,0.9,0.5,0.6,273
2,2016-09-01,0.6,0.9,0.5,0.6,273
1,2014-09-01,0.6,0.9,0.5,0.6,274
2,2016-09-01,0.6,0.9,0.5,0.6,274
1,2014-09-01,0.6,0.9,0.5,0.6,276
2,2016-09-01,0.6,0.9,0.5,0.6,276
1,2014-09-01,0.6,0.9,0.5,0.6,277
2,2016-09-01,0.6,0.9,0.5,0.6,277
1,2014-09-01,0.6,0.9,0.5,0.6,279
2,2016-09-01,0.6,0.9,0.5,0.6,279
1,2014-09-01,0.6,0.9,0.5,0.6,280
2,2016-09-01,0.6,0.9,0.5,0.6,280
1,2014-09-01,0.6,0.9,0.5,0.6,281
2,2016-09-01,0.6,0.9,0.5,0.6,281
1,2014-09-01,0.6,0.9,0.5,0.6,282
2,2016-09-01,0.6,0.9,0.5,0.6,282
1,2014-09-01,0.6,0.9,0.5,0.6,283
2,2016-09-01,0.6,0.9,0.5,0.6,283
1,2014-09-01,0.6,0.9,0.5,0.6,284
2,2016-09-01,0.6,0.9,0.5,0.6,284
1,2014-09-01,0.6,0.9,0.5,0.6,285
2,2016-09-01,0.6,0.9,0.5,0.6,285
1,2014-09-01,0.6,0.9,0.5,0.6,287
2,2016-09-01,0.6,0.9,0.5,0.6,287
1,2014-09-01,0.6,0.9,0.5,0.6,289
2,2016-09-01,0.6,0.9,0.5,0.6,289
1,2014-09-01,0.6,0.9,0.5,0.6,290
2,2016-09-01,0.6,0.9,0.5,0.6,290
1,2014-09-01,0.6,0.9,0.5,0.6,291
2,2016-09-01,0.6,0.9,0.5,0.6,291
1,2014-09-01,0.6,0.9,0.5,0.6,292
2,2016-09-01,0.6,0.9,0.5,0.6,292
1,2014-09-01,0.6,0.9,0.5,0.6,294
2,2016-09-01,0.6,0.9,0.5,0.6,294
1,2014-09-01,0.6,0.9,0.5,0.6,295
2,2016-09-01,0.6,0.9,0.5,0.6,295
1,2014-09-01,0.6,0.9,0.5,0.6,297
2,2016-09-01,0.6,0.9,0.5,0.6,297
1,2014-09-01,0.6,0.9,0.5,0.6,298
2,2016-09-01,0.6,0.9,0.5,0.6,298
1,2014-09-01,0.6,0.9,0.5,0.6,299
2,2016-09-01,0.6,0.9,0.5,0.6,299
1,2014-09-01,0.6,0.9,0.5,0.6,302
2,2016-09-01,0.6,0.9,0.5,0.6,302
1,2014-09-01,0.6,0.9,0.5,0.6,303
2,2016-09-01,0.6,0.9,0.5,0.6,303
1,2014-09-01,0.6,0.9,0.5,0.6,304
2,2016-09-01,0.6,0.9,0.5,0.6,304
1,2014-09-01,0.6,0.9,0.5,0.6,305
2,2016-09-01,0.6,0.9,0.5,0.6,305
1,2014-09-01,0.6,0.9,0.5,0.6,306
2,2016-09-01,0.6,0.9,0.5,0.6,306
1,2014-09-01,0.6,0.9,0.5,0.6,307
2,2016-09-01,0.6,0.9,0.5,0.6,307
1,2014-09-01,0.6,0.9,0.5,0.6,308
2,2016-09-01,0.6,0.9,0.5,0.6,308
1,2014-09-01,0.6,0.9,0.5,0.6,309
2,2016-09-01,0.6,0.9,0.5,0.6,309
1,2014-09-01,0.6,0.9,0.5,0.6,310
2,2016-09-01,0.6,0.9,0.5,0.6,310
1,2014-09-01,0.6,0.9,0.5,0.6,311
2,2016-09-01,0.6,0.9,0.5,0.6,311
1,2014-09-01,0.6,0.9,0.5,0.6,312
2,2016-09-01,0.6,0.9,0.5,0.6,312
1,2014-09-01,0.6,0.9,0.5,0.6,313
2,2016-09-01,0.6,0.9,0.5,0.6,313
1,2014-09-01,0.6,0.9,0.5,0.6,314
2,2016-09-01,0.6,0.9,0.5,0.6,314
1,2014-09-01,0.6,0.9,0.5,0.6,316
2,2016-09-01,0.6,0.9,0.5,0.6,316
1,2014-09-01,0.6,0.9,0.5,0.6,317
2,2016-09-01,0.6,0.9,0.5,0.6,317
1,2014-09-01,0.6,0.9,0.5,0.6,318
2,2016-09-01,0.6,0.9,0.5,0.6,318
1,2014-09-01,0.6,0.9,0.5,0.6,319
2,2016-09-01,0.6,0.9,0.5,0.6,319
1,2014-09-01,0.6,0.9,0.5,0.6,320
2,2016-09-01,0.6,0.9,0.5,0.6,320
1,2014-09-01,0.6,0.9,0.5,0.6,321
2,2016-09-01,0.6,0.9,0.5,0.6,321
1,2014-09-01,0.6,0.9,0.5,0.6,322
2,2016-09-01,0.6,0.9,0.5,0.6,322
1,2014-09-01,0.6,0.9,0.5,0.6,323
2,2016-09-01,0.6,0.9,0.5,0.6,323
1,2014-09-01,0.6,0.9,0.5,0.6,324
2,2016-09-01,0.6,0.9,0.5,0.6,324
1,2014-09-01,0.6,0.9,0.5,0.6,326
2,2016-09-01,0.6,0.9,0.5,0.6,326
1,2014-09-01,0.6,0.9,0.5,0.6,327
2,2016-09-01,0.6,0.9,0.5,0.6,327
1,2014-09-01,0.6,0.9,0.5,0.6,328
2,2016-09-01,0.6,0.9,0.5,0.6,328
1,2014-09-01,0.6,0.9,0.5,0.6,329
2,2016-09-01,0.6,0.9,0.5,0.6,329
1,2014-09-01,0.6,0.9,0.5,0.6,330
2,2016-09-01,0.6,0.9,0.5,0.6,330
1,2014-09-01,0.6,0.9,0.5,0.6,331
2,2016-09-01,0.6,0.9,0.5,0.6,331
1,2014-09-01,0.6,0.9,0.5,0.6,332
2,2016-09-01,0.6,0.9,0.5,0.6,332
1,2014-09-01,0.6,0.9,0.5,0.6,333
2,2016-09-01,0.6,0.9,0.5,0.6,333
1,2014-09-01,0.6,0.9,0.5,0.6,334
2,2016-09-01,0.6,0.9,0.5,0.6,334
1,2014-09-01,0.6,0.9,0.5,0.6,335
2,2016-09-01,0.6,0.9,0.5,0.6,335
1,2014-09-01,0.6,0.9,0.5,0.6,336
2,2016-09-01,0.6,0.9,0.5,0.6,336
1,2014-09-01,0.6,0.9,0.5,0.6,337
2,2016-09-01,0.6,0.9,0.5,0.6,337
1,2014-09-01,0.6,0.9,0.5,0.6,338
2,2016-09-01,0.6,0.9,0.5,0.6,338
1,2014-09-01,0.6,0.9,0.5,0.6,339
2,2016-09-01,0.6,0.9,0.5,0.6,339
1,2014-09-01,0.6,0.9,0.5,0.6,340
2,2016-09-01,0.6,0.9,0.5,0.6,340
1,2014-09-01,0.6,0.9,0.5,0.6,341
2,2016-09-01,0.6,0.9,0.5,0.6,341
1,2014-09-01,0.6,0.9,0.5,0.6,342
2,2016-09-01,0.6,0.9,0.5,0.6,342
1,2014-09-01,0.6,0.9,0.5,0.6,343
2,2016-09-01,0.6,0.9,0.5,0.6,343
1,2014-09-01,0.6,0.9,0.5,0.6,344
2,2016-09-01,0.6,0.9,0.5,0.6,344
1,2014-09-01,0.6,0.9,0.5,0.6,345
2,2016-09-01,0.6,0.9,0.5,0.6,345
1,2014-09-01,0.6,0.9,0.5,0.6,346
2,2016-09-01,0.6,0.9,0.5,0.6,346
1,2014-09-01,0.6,0.9,0.5,0.6,348
2,2016-09-01,0.6,0.9,0.5,0.6,348
1,2014-09-01,0.6,0.9,0.5,0.6,349
2,2016-09-01,0.6,0.9,0.5,0.6,349
1,2014-09-01,0.6,0.9,0.5,0.6,350
2,2016-09-01,0.6,0.9,0.5,0.6,350
1,2014-09-01,0.6,0.9,0.5,0.6,351
2,2016-09-01,0.6,0.9,0.5,0.6,351
1,2014-09-01,0.6,0.9,0.5,0.6,352
2,2016-09-01,0.6,0.9,0.5,0.6,352
1,2014-09-01,0.6,0.9,0.5,0.6,353
2,2016-09-01,0.6,0.9,0.5,0.6,353
1,2014-09-01,0.6,0.9,0.5,0.6,354
2,2016-09-01,0.6,0.9,0.5,0.6,354
1,2014-09-01,0.6,0.9,0.5,0.6,355
2,2016-09-01,0.6,0.9,0.5,0.6,355
1,2014-09-01,0.6,0.9,0.5,0.6,356
2,2016-09-01,0.6,0.9,0.5,0.6,356
1,2014-09-01,0.6,0.9,0.5,0.6,357
2,2016-09-01,0.6,0.9,0.5,0.6,357
1,2014-09-01,0.6,0.9,0.5,0.6,359
2,2016-09-01,0.6,0.9,0.5,0.6,359
1,2014-09-01,0.6,0.9,0.5,0.6,360
2,2016-09-01,0.6,0.9,0.5,0.6,360
1,2014-09-01,0.6,0.9,0.5,0.6,361
2,2016-09-01,0.6,0.9,0.5,0.6,361
1,2014-09-01,0.6,0.9,0.5,0.6,362
2,2016-09-01,0.6,0.9,0.5,0.6,362
1,2014-09-01,0.6,0.9,0.5,0.6,363
2,2016-09-01,0.6,0.9,0.5,0.6,363
1,2014-09-01,0.6,0.9,0.5,0.6,364
2,2016-09-01,0.6,0.9,0.5,0.6,364
1,2014-09-01,0.6,0.9,0.5,0.6,365
2,2016-09-01,0.6,0.9,0.5,0.6,365
1,2014-09-01,0.6,0.9,0.5,0.6,366
2,2016-09-01,0.6,0.9,0.5,0.6,366
1,2014-09-01,0.6,0.9,0.5,0.6,368
2,2016-09-01,0.6,0.9,0.5,0.6,368
1,2014-09-01,0.6,0.9,0.5,0.6,369
2,2016-09-01,0.6,0.9,0.5,0.6,369
1,2014-09-01,0.6,0.9,0.5,0.6,371
2,2016-09-01,0.6,0.9,0.5,0.6,371
1,2014-09-01,0.6,0.9,0.5,0.6,372
2,2016-09-01,0.6,0.9,0.5,0.6,372
1,2014-09-01,0.6,0.9,0.5,0.6,375
2,2016-09-01,0.6,0.9,0.5,0.6,375
1,2014-09-01,0.6,0.9,0.5,0.6,378
2,2016-09-01,0.6,0.9,0.5,0.6,378
1,2014-09-01,0.6,0.9,0.5,0.6,381
2,2016-09-01,0.6,0.9,0.5,0.6,381
1,2014-09-01,0.6,0.9,0.5,0.6,382
2,2016-09-01,0.6,0.9,0.5,0.6,382
1,2014-09-01,0.6,0.9,0.5,0.6,383
2,2016-09-01,0.6,0.9,0.5,0.6,383
1,2014-09-01,0.6,0.9,0.5,0.6,384
2,2016-09-01,0.6,0.9,0.5,0.6,384
1,2014-09-01,0.6,0.9,0.5,0.6,385
2,2016-09-01,0.6,0.9,0.5,0.6,385
1,2014-09-01,0.6,0.9,0.5,0.6,387
2,2016-09-01,0.6,0.9,0.5,0.6,387
1,2014-09-01,0.6,0.9,0.5,0.6,390
2,2016-09-01,0.6,0.9,0.5,0.6,390
1,2014-09-01,0.6,0.9,0.5,0.6,392
2,2016-09-01,0.6,0.9,0.5,0.6,392
1,2014-09-01,0.6,0.9,0.5,0.6,393
2,2016-09-01,0.6,0.9,0.5,0.6,393
1,2014-09-01,0.6,0.9,0.5,0.6,394
2,2016-09-01,0.6,0.9,0.5,0.6,394
1,2014-09-01,0.6,0.9,0.5,0.6,395
2,2016-09-01,0.6,0.9,0.5,0.6,395
1,2014-09-01,0.6,0.9,0.5,0.6,397
2,2016-09-01,0.6,0.9,0.5,0.6,397
1,2014-09-01,0.6,0.9,0.5,0.6,398
2,2016-09-01,0.6,0.9,0.5,0.6,398
1,2014-09-01,0.6,0.9,0.5,0.6,399
2,2016-09-01,0.6,0.9,0.5,0.6,399
1,2014-09-01,0.6,0.9,0.5,0.6,400
2,2016-09-01,0.6,0.9,0.5,0.6,400
1,2014-09-01,0.6,0.9,0.5,0.6,401
2,2016-09-01,0.6,0.9,0.5,0.6,401
1,2014-09-01,0.6,0.9,0.5,0.6,402
2,2016-09-01,0.6,0.9,0.5,0.6,402
1,2014-09-01,0.6,0.9,0.5,0.6,403
2,2016-09-01,0.6,0.9,0.5,0.6,403
1,2014-09-01,0.6,0.9,0.5,0.6,404
2,2016-09-01,0.6,0.9,0.5,0.6,404
1,2014-09-01,0.6,0.9,0.5,0.6,405
2,2016-09-01,0.6,0.9,0.5,0.6,405
1,2014-09-01,0.6,0.9,0.5,0.6,408
2,2016-09-01,0.6,0.9,0.5,0.6,408
1,2014-09-01,0.6,0.9,0.5,0.6,410
2,2016-09-01,0.6,0.9,0.5,0.6,410
1,2014-09-01,0.6,0.9,0.5,0.6,412
2,2016-09-01,0.6,0.9,0.5,0.6,412
1,2014-09-01,0.6,0.9,0.5,0.6,413
2,2016-09-01,0.6,0.9,0.5,0.6,413
1,2014-09-01,0.6,0.9,0.5,0.6,414
2,2016-09-01,0.6,0.9,0.5,0.6,414
1,2014-09-01,0.6,0.9,0.5,0.6,415
2,2016-09-01,0.6,0.9,0.5,0.6,415
1,2014-09-01,0.6,0.9,0.5,0.6,416
2,2016-09-01,0.6,0.9,0.5,0.6,416
1,2014-09-01,0.6,0.9,0.5,0.6,417
2,2016-09-01,0.6,0.9,0.5,0.6,417
1,2014-09-01,0.6,0.9,0.5,0.6,418
2,2016-09-01,0.6,0.9,0.5,0.6,418
1,2014-09-01,0.6,0.9,0.5,0.6,419
2,2016-09-01,0.6,0.9,0.5,0.6,419
1,2014-09-01,0.6,0.9,0.5,0.6,421
2,2016-09-01,0.6,0.9,0.5,0.6,421
1,2014-09-01,0.6,0.9,0.5,0.6,425
2,2016-09-01,0.6,0.9,0.5,0.6,425
1,2014-09-01,0.6,0.9,0.5,0.6,426
2,2016-09-01,0.6,0.9,0.5,0.6,426
1,2014-09-01,0.6,0.9,0.5,0.6,428
2,2016-09-01,0.6,0.9,0.5,0.6,428
1,2014-09-01,0.6,0.9,0.5,0.6,429
2,2016-09-01,0.6,0.9,0.5,0.6,429
1,2014-09-01,0.6,0.9,0.5,0.6,430
2,2016-09-01,0.6,0.9,0.5,0.6,430
1,2014-09-01,0.6,0.9,0.5,0.6,431
2,2016-09-01,0.6,0.9,0.5,0.6,431
1,2014-09-01,0.6,0.9,0.5,0.6,432
2,2016-09-01,0.6,0.9,0.5,0.6,432
1,2014-09-01,0.6,0.9,0.5,0.6,433
2,2016-09-01,0.6,0.9,0.5,0.6,433
1,2014-09-01,0.6,0.9,0.5,0.6,434
2,2016-09-01,0.6,0.9,0.5,0.6,434
1,2014-09-01,0.6,0.9,0.5,0.6,435
2,2016-09-01,0.6,0.9,0.5,0.6,435
1,2014-09-01,0.6,0.9,0.5,0.6,436
2,2016-09-01,0.6,0.9,0.5,0.6,436
1,2014-09-01,0.6,0.9,0.5,0.6,437
2,2016-09-01,0.6,0.9,0.5,0.6,437
1,2014-09-01,0.6,0.9,0.5,0.6,438
2,2016-09-01,0.6,0.9,0.5,0.6,438
1,2014-09-01,0.6,0.9,0.5,0.6,439
2,2016-09-01,0.6,0.9,0.5,0.6,439
1,2014-09-01,0.6,0.9,0.5,0.6,440
2,2016-09-01,0.6,0.9,0.5,0.6,440
1,2014-09-01,0.6,0.9,0.5,0.6,442
2,2016-09-01,0.6,0.9,0.5,0.6,442
1,2014-09-01,0.6,0.9,0.5,0.6,443
2,2016-09-01,0.6,0.9,0.5,0.6,443
1,2014-09-01,0.6,0.9,0.5,0.6,444
2,2016-09-01,0.6,0.9,0.5,0.6,444
1,2014-09-01,0.6,0.9,0.5,0.6,445
2,2016-09-01,0.6,0.9,0.5,0.6,445
1,2014-09-01,0.6,0.9,0.5,0.6,446
2,2016-09-01,0.6,0.9,0.5,0.6,446
1,2014-09-01,0.6,0.9,0.5,0.6,447
2,2016-09-01,0.6,0.9,0.5,0.6,447
1,2014-09-01,0.6,0.9,0.5,0.6,449
2,2016-09-01,0.6,0.9,0.5,0.6,449
1,2014-09-01,0.6,0.9,0.5,0.6,451
2,2016-09-01,0.6,0.9,0.5,0.6,451
1,2014-09-01,0.6,0.9,0.5,0.6,452
2,2016-09-01,0.6,0.9,0.5,0.6,452
1,2014-09-01,0.6,0.9,0.5,0.6,453
2,2016-09-01,0.6,0.9,0.5,0.6,453
1,2014-09-01,0.6,0.9,0.5,0.6,455
2,2016-09-01,0.6,0.9,0.5,0.6,455
1,2014-09-01,0.6,0.9,0.5,0.6,456
2,2016-09-01,0.6,0.9,0.5,0.6,456
1,2014-09-01,0.6,0.9,0.5,0.6,458
2,2016-09-01,0.6,0.9,0.5,0.6,458
1,2014-09-01,0.6,0.9,0.5,0.6,459
2,2016-09-01,0.6,0.9,0.5,0.6,459
1,2014-09-01,0.6,0.9,0.5,0.6,460
2,2016-09-01,0.6,0.9,0.5,0.6,460
1,2014-09-01,0.6,0.9,0.5,0.6,462
2,2016-09-01,0.6,0.9,0.5,0.6,462
1,2014-09-01,0.6,0.9,0.5,0.6,463
2,2016-09-01,0.6,0.9,0.5,0.6,463
1,2014-09-01,0.6,0.9,0.5,0.6,464
2,2016-09-01,0.6,0.9,0.5,0.6,464
1,2014-09-01,0.6,0.9,0.5,0.6,465
2,2016-09-01,0.6,0.9,0.5,0.6,465
1,2014-09-01,0.6,0.9,0.5,0.6,466
2,2016-09-01,0.6,0.9,0.5,0.6,466
1,2014-09-01,0.6,0.9,0.5,0.6,467
2,2016-09-01,0.6,0.9,0.5,0.6,467
1,2014-09-01,0.6,0.9,0.5,0.6,468
2,2016-09-01,0.6,0.9,0.5,0.6,468
1,2014-09-01,0.6,0.9,0.5,0.6,469
2,2016-09-01,0.6,0.9,0.5,0.6,469
1,2014-09-01,0.6,0.9,0.5,0.6,470
2,2016-09-01,0.6,0.9,0.5,0.6,470
1,2014-09-01,0.6,0.9,0.5,0.6,471
2,2016-09-01,0.6,0.9,0.5,0.6,471
1,2014-09-01,0.6,0.9,0.5,0.6,472
2,2016-09-01,0.6,0.9,0.5,0.6,472
1,2014-09-01,0.6,0.9,0.5,0.6,473
2,2016-09-01,0.6,0.9,0.5,0.6,473
1,2014-09-01,0.6,0.9,0.5,0.6,474
2,2016-09-01,0.6,0.9,0.5,0.6,474
1,2014-09-01,0.6,0.9,0.5,0.6,475
2,2016-09-01,0.6,0.9,0.5,0.6,475
1,2014-09-01,0.6,0.9,0.5,0.6,476
2,2016-09-01,0.6,0.9,0.5,0.6,476
1,2014-09-01,0.6,0.9,0.5,0.6,477
2,2016-09-01,0.6,0.9,0.5,0.6,477
1,2014-09-01,0.6,0.9,0.5,0.6,478
2,2016-09-01,0.6,0.9,0.5,0.6,478
1,2014-09-01,0.6,0.9,0.5,0.6,479
2,2016-09-01,0.6,0.9,0.5,0.6,479
1,2014-09-01,0.6,0.9,0.5,0.6,480
2,2016-09-01,0.6,0.9,0.5,0.6,480
1,2014-09-01,0.6,0.9,0.5,0.6,481
2,2016-09-01,0.6,0.9,0.5,0.6,481
1,2014-09-01,0.6,0.9,0.5,0.6,483
2,2016-09-01,0.6,0.9,0.5,0.6,483
1,2014-09-01,0.6,0.9,0.5,0.6,484
2,2016-09-01,0.6,0.9,0.5,0.6,484
1,2014-09-01,0.6,0.9,0.5,0.6,485
2,2016-09-01,0.6,0.9,0.5,0.6,485
1,2014-09-01,0.6,0.9,0.5,0.6,486
2,2016-09-01,0.6,0.9,0.5,0.6,486
1,2014-09-01,0.6,0.9,0.5,0.6,487
2,2016-09-01,0.6,0.9,0.5,0.6,487
1,2014-09-01,0.6,0.9,0.5,0.6,488
2,2016-09-01,0.6,0.9,0.5,0.6,488
1,2014-09-01,0.6,0.9,0.5,0.6,489
2,2016-09-01,0.6,0.9,0.5,0.6,489
1,2014-09-01,0.6,0.9,0.5,0.6,490
2,2016-09-01,0.6,0.9,0.5,0.6,490
1,2014-09-01,0.6,0.9,0.5,0.6,491
2,2016-09-01,0.6,0.9,0.5,0.6,491
1,2014-09-01,0.6,0.9,0.5,0.6,492
2,2016-09-01,0.6,0.9,0.5,0.6,492
1,2014-09-01,0.6,0.9,0.5,0.6,493
2,2016-09-01,0.6,0.9,0.5,0.6,493
1,2014-09-01,0.6,0.9,0.5,0.6,494
2,2016-09-01,0.6,0.9,0.5,0.6,494
1,2014-09-01,0.6,0.9,0.5,0.6,495
2,2016-09-01,0.6,0.9,0.5,0.6,495
1,2014-09-01,0.6,0.9,0.5,0.6,496
2,2016-09-01,0.6,0.9,0.5,0.6,496
1,2014-09-01,0.6,0.9,0.5,0.6,497
2,2016-09-01,0.6,0.9,0.5,0.6,497
1,2014-09-01,0.6,0.9,0.5,0.6,498
2,2016-09-01,0.6,0.9,0.5,0.6,498
1,2014-09-01,0.6,0.9,0.5,0.6,499
2,2016-09-01,0.6,0.9,0.5,0.6,499
1,2014-09-01,0.6,0.9,0.5,0.6,500
2,2016-09-01,0.6,0.9,0.5,0.6,500
1,2014-09-01,0.6,0.9,0.5,0.6,501
2,2016-09-01,0.6,0.9,0.5,0.6,501
1,2014-09-01,0.6,0.9,0.5,0.6,503
2,2016-09-01,0.6,0.9,0.5,0.6,503
1,2014-09-01,0.6,0.9,0.5,0.6,504
2,2016-09-01,0.6,0.9,0.5,0.6,504
1,2014-09-01,0.6,0.9,0.5,0.6,505
2,2016-09-01,0.6,0.9,0.5,0.6,505
1,2014-09-01,0.6,0.9,0.5,0.6,507
2,2016-09-01,0.6,0.9,0.5,0.6,507
1,2014-09-01,0.6,0.9,0.5,0.6,508
2,2016-09-01,0.6,0.9,0.5,0.6,508
1,2014-09-01,0.6,0.9,0.5,0.6,509
2,2016-09-01,0.6,0.9,0.5,0.6,509
1,2014-09-01,0.6,0.9,0.5,0.6,510
2,2016-09-01,0.6,0.9,0.5,0.6,510
1,2014-09-01,0.6,0.9,0.5,0.6,511
2,2016-09-01,0.6,0.9,0.5,0.6,511
1,2014-09-01,0.6,0.9,0.5,0.6,512
2,2016-09-01,0.6,0.9,0.5,0.6,512
1,2014-09-01,0.6,0.9,0.5,0.6,513
2,2016-09-01,0.6,0.9,0.5,0.6,513
1,2014-09-01,0.6,0.9,0.5,0.6,514
2,2016-09-01,0.6,0.9,0.5,0.6,514
1,2014-09-01,0.6,0.9,0.5,0.6,515
2,2016-09-01,0.6,0.9,0.5,0.6,515
1,2014-09-01,0.6,0.9,0.5,0.6,516
2,2016-09-01,0.6,0.9,0.5,0.6,516
1,2014-09-01,0.6,0.9,0.5,0.6,517
2,2016-09-01,0.6,0.9,0.5,0.6,517
1,2014-09-01,0.6,0.9,0.5,0.6,518
2,2016-09-01,0.6,0.9,0.5,0.6,518
1,2014-09-01,0.6,0.9,0.5,0.6,519
2,2016-09-01,0.6,0.9,0.5,0.6,519
1,2014-09-01,0.6,0.9,0.5,0.6,520
2,2016-09-01,0.6,0.9,0.5,0.6,520
1,2014-09-01,0.6,0.9,0.5,0.6,521
2,2016-09-01,0.6,0.9,0.5,0.6,521
1,2014-09-01,0.6,0.9,0.5,0.6,522
2,2016-09-01,0.6,0.9,0.5,0.6,522
1,2014-09-01,0.6,0.9,0.5,0.6,524
2,2016-09-01,0.6,0.9,0.5,0.6,524
1,2014-09-01,0.6,0.9,0.5,0.6,525
2,2016-09-01,0.6,0.9,0.5,0.6,525
1,2014-09-01,0.6,0.9,0.5,0.6,526
2,2016-09-01,0.6,0.9,0.5,0.6,526
1,2014-09-01,0.6,0.9,0.5,0.6,527
2,2016-09-01,0.6,0.9,0.5,0.6,527
1,2014-09-01,0.6,0.9,0.5,0.6,529
2,2016-09-01,0.6,0.9,0.5,0.6,529
1,2014-09-01,0.6,0.9,0.5,0.6,530
2,2016-09-01,0.6,0.9,0.5,0.6,530
1,2014-09-01,0.6,0.9,0.5,0.6,531
2,2016-09-01,0.6,0.9,0.5,0.6,531
1,2014-09-01,0.6,0.9,0.5,0.6,532
2,2016-09-01,0.6,0.9,0.5,0.6,532
1,2014-09-01,0.6,0.9,0.5,0.6,534
2,2016-09-01,0.6,0.9,0.5,0.6,534
1,2014-09-01,0.6,0.9,0.5,0.6,535
2,2016-09-01,0.6,0.9,0.5,0.6,535
1,2014-09-01,0.6,0.9,0.5,0.6,536
2,2016-09-01,0.6,0.9,0.5,0.6,536
1,2014-09-01,0.6,0.9,0.5,0.6,537
2,2016-09-01,0.6,0.9,0.5,0.6,537
1,2014-09-01,0.6,0.9,0.5,0.6,538
2,2016-09-01,0.6,0.9,0.5,0.6,538
1,2014-09-01,0.6,0.9,0.5,0.6,539
2,2016-09-01,0.6,0.9,0.5,0.6,539
1,2014-09-01,0.6,0.9,0.5,0.6,540
2,2016-09-01,0.6,0.9,0.5,0.6,540
1,2014-09-01,0.6,0.9,0.5,0.6,541
2,2016-09-01,0.6,0.9,0.5,0.6,541
1,2014-09-01,0.6,0.9,0.5,0.6,542
2,2016-09-01,0.6,0.9,0.5,0.6,542
1,2014-09-01,0.6,0.9,0.5,0.6,544
2,2016-09-01,0.6,0.9,0.5,0.6,544
1,2014-09-01,0.6,0.9,0.5,0.6,545
2,2016-09-01,0.6,0.9,0.5,0.6,545
1,2014-09-01,0.6,0.9,0.5,0.6,546
2,2016-09-01,0.6,0.9,0.5,0.6,546
1,2014-09-01,0.6,0.9,0.5,0.6,547
2,2016-09-01,0.6,0.9,0.5,0.6,547
1,2014-09-01,0.6,0.9,0.5,0.6,549
2,2016-09-01,0.6,0.9,0.5,0.6,549
1,2014-09-01,0.6,0.9,0.5,0.6,550
2,2016-09-01,0.6,0.9,0.5,0.6,550
1,2014-09-01,0.6,0.9,0.5,0.6,551
2,2016-09-01,0.6,0.9,0.5,0.6,551
1,2014-09-01,0.6,0.9,0.5,0.6,552
2,2016-09-01,0.6,0.9,0.5,0.6,552
1,2014-09-01,0.6,0.9,0.5,0.6,553
2,2016-09-01,0.6,0.9,0.5,0.6,553
1,2014-09-01,0.6,0.9,0.5,0.6,554
2,2016-09-01,0.6,0.9,0.5,0.6,554
1,2014-09-01,0.6,0.9,0.5,0.6,555
2,2016-09-01,0.6,0.9,0.5,0.6,555
1,2014-09-01,0.6,0.9,0.5,0.6,556
2,2016-09-01,0.6,0.9,0.5,0.6,556
1,2014-09-01,0.6,0.9,0.5,0.6,557
2,2016-09-01,0.6,0.9,0.5,0.6,557
1,2014-09-01,0.6,0.9,0.5,0.6,558
2,2016-09-01,0.6,0.9,0.5,0.6,558
1,2014-09-01,0.6,0.9,0.5,0.6,559
2,2016-09-01,0.6,0.9,0.5,0.6,559
1,2014-09-01,0.6,0.9,0.5,0.6,560
2,2016-09-01,0.6,0.9,0.5,0.6,560
1,2014-09-01,0.6,0.9,0.5,0.6,562
2,2016-09-01,0.6,0.9,0.5,0.6,562
1,2014-09-01,0.6,0.9,0.5,0.6,563
2,2016-09-01,0.6,0.9,0.5,0.6,563
1,2014-09-01,0.6,0.9,0.5,0.6,564
2,2016-09-01,0.6,0.9,0.5,0.6,564
1,2014-09-01,0.6,0.9,0.5,0.6,565
2,2016-09-01,0.6,0.9,0.5,0.6,565
1,2014-09-01,0.6,0.9,0.5,0.6,567
2,2016-09-01,0.6,0.9,0.5,0.6,567
1,2014-09-01,0.6,0.9,0.5,0.6,568
2,2016-09-01,0.6,0.9,0.5,0.6,568
1,2014-09-01,0.6,0.9,0.5,0.6,570
2,2016-09-01,0.6,0.9,0.5,0.6,570
1,2014-09-01,0.6,0.9,0.5,0.6,571
2,2016-09-01,0.6,0.9,0.5,0.6,571
1,2014-09-01,0.6,0.9,0.5,0.6,572
2,2016-09-01,0.6,0.9,0.5,0.6,572
1,2014-09-01,0.6,0.9,0.5,0.6,573
2,2016-09-01,0.6,0.9,0.5,0.6,573
1,2014-09-01,0.6,0.9,0.5,0.6,574
2,2016-09-01,0.6,0.9,0.5,0.6,574
1,2014-09-01,0.6,0.9,0.5,0.6,576
2,2016-09-01,0.6,0.9,0.5,0.6,576
1,2014-09-01,0.6,0.9,0.5,0.6,577
2,2016-09-01,0.6,0.9,0.5,0.6,577
1,2014-09-01,0.6,0.9,0.5,0.6,578
2,2016-09-01,0.6,0.9,0.5,0.6,578
1,2014-09-01,0.6,0.9,0.5,0.6,579
2,2016-09-01,0.6,0.9,0.5,0.6,579
1,2014-09-01,0.6,0.9,0.5,0.6,580
2,2016-09-01,0.6,0.9,0.5,0.6,580
1,2014-09-01,0.6,0.9,0.5,0.6,581
2,2016-09-01,0.6,0.9,0.5,0.6,581
1,2014-09-01,0.6,0.9,0.5,0.6,582
2,2016-09-01,0.6,0.9,0.5,0.6,582
1,2014-09-01,0.6,0.9,0.5,0.6,584
2,2016-09-01,0.6,0.9,0.5,0.6,584
1,2014-09-01,0.6,0.9,0.5,0.6,586
2,2016-09-01,0.6,0.9,0.5,0.6,586
1,2014-09-01,0.6,0.9,0.5,0.6,587
2,2016-09-01,0.6,0.9,0.5,0.6,587
1,2014-09-01,0.6,0.9,0.5,0.6,588
2,2016-09-01,0.6,0.9,0.5,0.6,588
1,2014-09-01,0.6,0.9,0.5,0.6,589
2,2016-09-01,0.6,0.9,0.5,0.6,589
1,2014-09-01,0.6,0.9,0.5,0.6,590
2,2016-09-01,0.6,0.9,0.5,0.6,590
1,2014-09-01,0.6,0.9,0.5,0.6,591
2,2016-09-01,0.6,0.9,0.5,0.6,591
1,2014-09-01,0.6,0.9,0.5,0.6,592
2,2016-09-01,0.6,0.9,0.5,0.6,592
1,2014-09-01,0.6,0.9,0.5,0.6,593
2,2016-09-01,0.6,0.9,0.5,0.6,593
1,2014-09-01,0.6,0.9,0.5,0.6,594
2,2016-09-01,0.6,0.9,0.5,0.6,594
1,2014-09-01,0.6,0.9,0.5,0.6,596
2,2016-09-01,0.6,0.9,0.5,0.6,596
1,2014-09-01,0.6,0.9,0.5,0.6,598
2,2016-09-01,0.6,0.9,0.5,0.6,598
1,2014-09-01,0.6,0.9,0.5,0.6,599
2,2016-09-01,0.6,0.9,0.5,0.6,599
1,2014-09-01,0.6,0.9,0.5,0.6,600
2,2016-09-01,0.6,0.9,0.5,0.6,600
1,2014-09-01,0.6,0.9,0.5,0.6,601
2,2016-09-01,0.6,0.9,0.5,0.6,601
1,2014-09-01,0.6,0.9,0.5,0.6,603
2,2016-09-01,0.6,0.9,0.5,0.6,603
1,2014-09-01,0.6,0.9,0.5,0.6,604
2,2016-09-01,0.6,0.9,0.5,0.6,604
1,2014-09-01,0.6,0.9,0.5,0.6,605
2,2016-09-01,0.6,0.9,0.5,0.6,605
1,2014-09-01,0.6,0.9,0.5,0.6,606
2,2016-09-01,0.6,0.9,0.5,0.6,606
1,2014-09-01,0.6,0.9,0.5,0.6,607
2,2016-09-01,0.6,0.9,0.5,0.6,607
1,2014-09-01,0.6,0.9,0.5,0.6,608
2,2016-09-01,0.6,0.9,0.5,0.6,608
1,2014-09-01,0.6,0.9,0.5,0.6,609
2,2016-09-01,0.6,0.9,0.5,0.6,609
1,2014-09-01,0.6,0.9,0.5,0.6,610
2,2016-09-01,0.6,0.9,0.5,0.6,610
1,2014-09-01,0.6,0.9,0.5,0.6,612
2,2016-09-01,0.6,0.9,0.5,0.6,612
1,2014-09-01,0.6,0.9,0.5,0.6,613
2,2016-09-01,0.6,0.9,0.5,0.6,613
1,2014-09-01,0.6,0.9,0.5,0.6,614
2,2016-09-01,0.6,0.9,0.5,0.6,614
1,2014-09-01,0.6,0.9,0.5,0.6,615
2,2016-09-01,0.6,0.9,0.5,0.6,615
1,2014-09-01,0.6,0.9,0.5,0.6,616
2,2016-09-01,0.6,0.9,0.5,0.6,616
1,2014-09-01,0.6,0.9,0.5,0.6,617
2,2016-09-01,0.6,0.9,0.5,0.6,617
1,2014-09-01,0.6,0.9,0.5,0.6,618
2,2016-09-01,0.6,0.9,0.5,0.6,618
1,2014-09-01,0.6,0.9,0.5,0.6,619
2,2016-09-01,0.6,0.9,0.5,0.6,619
1,2014-09-01,0.6,0.9,0.5,0.6,620
2,2016-09-01,0.6,0.9,0.5,0.6,620
1,2014-09-01,0.6,0.9,0.5,0.6,621
2,2016-09-01,0.6,0.9,0.5,0.6,621
1,2014-09-01,0.6,0.9,0.5,0.6,622
2,2016-09-01,0.6,0.9,0.5,0.6,622
1,2014-09-01,0.6,0.9,0.5,0.6,623
2,2016-09-01,0.6,0.9,0.5,0.6,623
1,2014-09-01,0.6,0.9,0.5,0.6,625
2,2016-09-01,0.6,0.9,0.5,0.6,625
1,2014-09-01,0.6,0.9,0.5,0.6,627
2,2016-09-01,0.6,0.9,0.5,0.6,627
1,2014-09-01,0.6,0.9,0.5,0.6,628
2,2016-09-01,0.6,0.9,0.5,0.6,628
1,2014-09-01,0.6,0.9,0.5,0.6,629
2,2016-09-01,0.6,0.9,0.5,0.6,629
1,2014-09-01,0.6,0.9,0.5,0.6,631
2,2016-09-01,0.6,0.9,0.5,0.6,631
1,2014-09-01,0.6,0.9,0.5,0.6,632
2,2016-09-01,0.6,0.9,0.5,0.6,632
1,2014-09-01,0.6,0.9,0.5,0.6,634
2,2016-09-01,0.6,0.9,0.5,0.6,634
1,2014-09-01,0.6,0.9,0.5,0.6,635
2,2016-09-01,0.6,0.9,0.5,0.6,635
1,2014-09-01,0.6,0.9,0.5,0.6,636
2,2016-09-01,0.6,0.9,0.5,0.6,636
1,2014-09-01,0.6,0.9,0.5,0.6,637
2,2016-09-01,0.6,0.9,0.5,0.6,637
1,2014-09-01,0.6,0.9,0.5,0.6,638
2,2016-09-01,0.6,0.9,0.5,0.6,638
1,2014-09-01,0.6,0.9,0.5,0.6,639
2,2016-09-01,0.6,0.9,0.5,0.6,639
1,2014-09-01,0.6,0.9,0.5,0.6,640
2,2016-09-01,0.6,0.9,0.5,0.6,640
1,2014-09-01,0.6,0.9,0.5,0.6,641
2,2016-09-01,0.6,0.9,0.5,0.6,641
1,2014-09-01,0.6,0.9,0.5,0.6,642
2,2016-09-01,0.6,0.9,0.5,0.6,642
1,2014-09-01,0.6,0.9,0.5,0.6,643
2,2016-09-01,0.6,0.9,0.5,0.6,643
1,2014-09-01,0.6,0.9,0.5,0.6,644
2,2016-09-01,0.6,0.9,0.5,0.6,644
1,2014-09-01,0.6,0.9,0.5,0.6,645
2,2016-09-01,0.6,0.9,0.5,0.6,645
1,2014-09-01,0.6,0.9,0.5,0.6,646
2,2016-09-01,0.6,0.9,0.5,0.6,646
1,2014-09-01,0.6,0.9,0.5,0.6,647
2,2016-09-01,0.6,0.9,0.5,0.6,647
1,2014-09-01,0.6,0.9,0.5,0.6,648
2,2016-09-01,0.6,0.9,0.5,0.6,648
1,2014-09-01,0.6,0.9,0.5,0.6,649
2,2016-09-01,0.6,0.9,0.5,0.6,649
1,2014-09-01,0.6,0.9,0.5,0.6,652
2,2016-09-01,0.6,0.9,0.5,0.6,652
1,2014-09-01,0.6,0.9,0.5,0.6,653
2,2016-09-01,0.6,0.9,0.5,0.6,653
1,2014-09-01,0.6,0.9,0.5,0.6,654
2,2016-09-01,0.6,0.9,0.5,0.6,654
1,2014-09-01,0.6,0.9,0.5,0.6,655
2,2016-09-01,0.6,0.9,0.5,0.6,655
1,2014-09-01,0.6,0.9,0.5,0.6,656
2,2016-09-01,0.6,0.9,0.5,0.6,656
1,2014-09-01,0.6,0.9,0.5,0.6,657
2,2016-09-01,0.6,0.9,0.5,0.6,657
1,2014-09-01,0.6,0.9,0.5,0.6,659
2,2016-09-01,0.6,0.9,0.5,0.6,659
1,2014-09-01,0.6,0.9,0.5,0.6,660
2,2016-09-01,0.6,0.9,0.5,0.6,660
1,2014-09-01,0.6,0.9,0.5,0.6,661
2,2016-09-01,0.6,0.9,0.5,0.6,661
1,2014-09-01,0.6,0.9,0.5,0.6,662
2,2016-09-01,0.6,0.9,0.5,0.6,662
1,2014-09-01,0.6,0.9,0.5,0.6,663
2,2016-09-01,0.6,0.9,0.5,0.6,663
1,2014-09-01,0.6,0.9,0.5,0.6,664
2,2016-09-01,0.6,0.9,0.5,0.6,664
1,2014-09-01,0.6,0.9,0.5,0.6,665
2,2016-09-01,0.6,0.9,0.5,0.6,665
1,2014-09-01,0.6,0.9,0.5,0.6,666
2,2016-09-01,0.6,0.9,0.5,0.6,666
1,2014-09-01,0.6,0.9,0.5,0.6,668
2,2016-09-01,0.6,0.9,0.5,0.6,668
1,2014-09-01,0.6,0.9,0.5,0.6,669
2,2016-09-01,0.6,0.9,0.5,0.6,669
1,2014-09-01,0.6,0.9,0.5,0.6,670
2,2016-09-01,0.6,0.9,0.5,0.6,670
1,2014-09-01,0.6,0.9,0.5,0.6,671
2,2016-09-01,0.6,0.9,0.5,0.6,671
1,2014-09-01,0.6,0.9,0.5,0.6,672
2,2016-09-01,0.6,0.9,0.5,0.6,672
1,2014-09-01,0.6,0.9,0.5,0.6,673
2,2016-09-01,0.6,0.9,0.5,0.6,673
1,2014-09-01,0.6,0.9,0.5,0.6,674
2,2016-09-01,0.6,0.9,0.5,0.6,674
1,2014-09-01,0.6,0.9,0.5,0.6,676
2,2016-09-01,0.6,0.9,0.5,0.6,676
1,2014-09-01,0.6,0.9,0.5,0.6,677
2,2016-09-01,0.6,0.9,0.5,0.6,677
1,2014-09-01,0.6,0.9,0.5,0.6,679
2,2016-09-01,0.6,0.9,0.5,0.6,679
1,2014-09-01,0.6,0.9,0.5,0.6,680
2,2016-09-01,0.6,0.9,0.5,0.6,680
1,2014-09-01,0.6,0.9,0.5,0.6,681
2,2016-09-01,0.6,0.9,0.5,0.6,681
1,2014-09-01,0.6,0.9,0.5,0.6,682
2,2016-09-01,0.6,0.9,0.5,0.6,682
1,2014-09-01,0.6,0.9,0.5,0.6,684
2,2016-09-01,0.6,0.9,0.5,0.6,684
1,2014-09-01,0.6,0.9,0.5,0.6,685
2,2016-09-01,0.6,0.9,0.5,0.6,685
1,2014-09-01,0.6,0.9,0.5,0.6,686
2,2016-09-01,0.6,0.9,0.5,0.6,686
1,2014-09-01,0.6,0.9,0.5,0.6,687
2,2016-09-01,0.6,0.9,0.5,0.6,687
1,2014-09-01,0.6,0.9,0.5,0.6,688
2,2016-09-01,0.6,0.9,0.5,0.6,688
1,2014-09-01,0.6,0.9,0.5,0.6,689
2,2016-09-01,0.6,0.9,0.5,0.6,689
1,2014-09-01,0.6,0.9,0.5,0.6,690
2,2016-09-01,0.6,0.9,0.5,0.6,690
1,2014-09-01,0.6,0.9,0.5,0.6,691
2,2016-09-01,0.6,0.9,0.5,0.6,691
1,2014-09-01,0.6,0.9,0.5,0.6,692
2,2016-09-01,0.6,0.9,0.5,0.6,692
1,2014-09-01,0.6,0.9,0.5,0.6,693
2,2016-09-01,0.6,0.9,0.5,0.6,693
1,2014-09-01,0.6,0.9,0.5,0.6,694
2,2016-09-01,0.6,0.9,0.5,0.6,694
1,2014-09-01,0.6,0.9,0.5,0.6,695
2,2016-09-01,0.6,0.9,0.5,0.6,695
1,2014-09-01,0.6,0.9,0.5,0.6,697
2,2016-09-01,0.6,0.9,0.5,0.6,697
1,2014-09-01,0.6,0.9,0.5,0.6,699
2,2016-09-01,0.6,0.9,0.5,0.6,699
1,2014-09-01,0.6,0.9,0.5,0.6,700
2,2016-09-01,0.6,0.9,0.5,0.6,700
1,2014-09-01,0.6,0.9,0.5,0.6,701
2,2016-09-01,0.6,0.9,0.5,0.6,701
1,2014-09-01,0.6,0.9,0.5,0.6,702
2,2016-09-01,0.6,0.9,0.5,0.6,702
1,2014-09-01,0.6,0.9,0.5,0.6,703
2,2016-09-01,0.6,0.9,0.5,0.6,703
1,2014-09-01,0.6,0.9,0.5,0.6,704
2,2016-09-01,0.6,0.9,0.5,0.6,704
1,2014-09-01,0.6,0.9,0.5,0.6,705
2,2016-09-01,0.6,0.9,0.5,0.6,705
1,2014-09-01,0.6,0.9,0.5,0.6,706
2,2016-09-01,0.6,0.9,0.5,0.6,706
1,2014-09-01,0.6,0.9,0.5,0.6,707
2,2016-09-01,0.6,0.9,0.5,0.6,707
1,2014-09-01,0.6,0.9,0.5,0.6,708
2,2016-09-01,0.6,0.9,0.5,0.6,708
1,2014-09-01,0.6,0.9,0.5,0.6,709
2,2016-09-01,0.6,0.9,0.5,0.6,709
1,2014-09-01,0.6,0.9,0.5,0.6,710
2,2016-09-01,0.6,0.9,0.5,0.6,710
1,2014-09-01,0.6,0.9,0.5,0.6,711
2,2016-09-01,0.6,0.9,0.5,0.6,711
1,2014-09-01,0.6,0.9,0.5,0.6,713
2,2016-09-01,0.6,0.9,0.5,0.6,713
1,2014-09-01,0.6,0.9,0.5,0.6,714
2,2016-09-01,0.6,0.9,0.5,0.6,714
1,2014-09-01,0.6,0.9,0.5,0.6,715
2,2016-09-01,0.6,0.9,0.5,0.6,715
1,2014-09-01,0.6,0.9,0.5,0.6,716
2,2016-09-01,0.6,0.9,0.5,0.6,716
1,2014-09-01,0.6,0.9,0.5,0.6,717
2,2016-09-01,0.6,0.9,0.5,0.6,717
1,2014-09-01,0.6,0.9,0.5,0.6,718
2,2016-09-01,0.6,0.9,0.5,0.6,718
1,2014-09-01,0.6,0.9,0.5,0.6,719
2,2016-09-01,0.6,0.9,0.5,0.6,719
1,2014-09-01,0.6,0.9,0.5,0.6,720
2,2016-09-01,0.6,0.9,0.5,0.6,720
1,2014-09-01,0.6,0.9,0.5,0.6,721
2,2016-09-01,0.6,0.9,0.5,0.6,721
1,2014-09-01,0.6,0.9,0.5,0.6,722
2,2016-09-01,0.6,0.9,0.5,0.6,722
1,2014-09-01,0.6,0.9,0.5,0.6,723
2,2016-09-01,0.6,0.9,0.5,0.6,723
1,2014-09-01,0.6,0.9,0.5,0.6,724
2,2016-09-01,0.6,0.9,0.5,0.6,724
1,2014-09-01,0.6,0.9,0.5,0.6,725
2,2016-09-01,0.6,0.9,0.5,0.6,725
1,2014-09-01,0.6,0.9,0.5,0.6,726
2,2016-09-01,0.6,0.9,0.5,0.6,726
1,2014-09-01,0.6,0.9,0.5,0.6,727
2,2016-09-01,0.6,0.9,0.5,0.6,727
1,2014-09-01,0.6,0.9,0.5,0.6,728
2,2016-09-01,0.6,0.9,0.5,0.6,728
1,2014-09-01,0.6,0.9,0.5,0.6,729
2,2016-09-01,0.6,0.9,0.5,0.6,729
1,2014-09-01,0.6,0.9,0.5,0.6,730
2,2016-09-01,0.6,0.9,0.5,0.6,730
1,2014-09-01,0.6,0.9,0.5,0.6,731
2,2016-09-01,0.6,0.9,0.5,0.6,731
1,2014-09-01,0.6,0.9,0.5,0.6,732
2,2016-09-01,0.6,0.9,0.5,0.6,732
1,2014-09-01,0.6,0.9,0.5,0.6,733
2,2016-09-01,0.6,0.9,0.5,0.6,733
1,2014-09-01,0.6,0.9,0.5,0.6,734
2,2016-09-01,0.6,0.9,0.5,0.6,734
1,2014-09-01,0.6,0.9,0.5,0.6,735
2,2016-09-01,0.6,0.9,0.5,0.6,735
1,2014-09-01,0.6,0.9,0.5,0.6,736
2,2016-09-01,0.6,0.9,0.5,0.6,736
1,2014-09-01,0.6,0.9,0.5,0.6,737
2,2016-09-01,0.6,0.9,0.5,0.6,737
1,2014-09-01,0.6,0.9,0.5,0.6,738
2,2016-09-01,0.6,0.9,0.5,0.6,738
1,2014-09-01,0.6,0.9,0.5,0.6,739
2,2016-09-01,0.6,0.9,0.5,0.6,739
1,2014-09-01,0.6,0.9,0.5,0.6,740
2,2016-09-01,0.6,0.9,0.5,0.6,740
1,2014-09-01,0.6,0.9,0.5,0.6,741
2,2016-09-01,0.6,0.9,0.5,0.6,741
1,2014-09-01,0.6,0.9,0.5,0.6,743
2,2016-09-01,0.6,0.9,0.5,0.6,743
1,2014-09-01,0.6,0.9,0.5,0.6,747
2,2016-09-01,0.6,0.9,0.5,0.6,747
1,2014-09-01,0.6,0.9,0.5,0.6,748
2,2016-09-01,0.6,0.9,0.5,0.6,748
1,2014-09-01,0.6,0.9,0.5,0.6,749
2,2016-09-01,0.6,0.9,0.5,0.6,749
1,2014-09-01,0.6,0.9,0.5,0.6,751
2,2016-09-01,0.6,0.9,0.5,0.6,751
1,2014-09-01,0.6,0.9,0.5,0.6,752
2,2016-09-01,0.6,0.9,0.5,0.6,752
1,2014-09-01,0.6,0.9,0.5,0.6,753
2,2016-09-01,0.6,0.9,0.5,0.6,753
1,2014-09-01,0.6,0.9,0.5,0.6,754
2,2016-09-01,0.6,0.9,0.5,0.6,754
1,2014-09-01,0.6,0.9,0.5,0.6,755
2,2016-09-01,0.6,0.9,0.5,0.6,755
1,2014-09-01,0.6,0.9,0.5,0.6,756
2,2016-09-01,0.6,0.9,0.5,0.6,756
1,2014-09-01,0.6,0.9,0.5,0.6,757
2,2016-09-01,0.6,0.9,0.5,0.6,757
1,2014-09-01,0.6,0.9,0.5,0.6,759
2,2016-09-01,0.6,0.9,0.5,0.6,759
1,2014-09-01,0.6,0.9,0.5,0.6,760
2,2016-09-01,0.6,0.9,0.5,0.6,760
1,2014-09-01,0.6,0.9,0.5,0.6,761
2,2016-09-01,0.6,0.9,0.5,0.6,761
1,2014-09-01,0.6,0.9,0.5,0.6,763
2,2016-09-01,0.6,0.9,0.5,0.6,763
1,2014-09-01,0.6,0.9,0.5,0.6,764
2,2016-09-01,0.6,0.9,0.5,0.6,764
1,2014-09-01,0.6,0.9,0.5,0.6,765
2,2016-09-01,0.6,0.9,0.5,0.6,765
1,2014-09-01,0.6,0.9,0.5,0.6,766
2,2016-09-01,0.6,0.9,0.5,0.6,766
1,2014-09-01,0.6,0.9,0.5,0.6,767
2,2016-09-01,0.6,0.9,0.5,0.6,767
1,2014-09-01,0.6,0.9,0.5,0.6,768
2,2016-09-01,0.6,0.9,0.5,0.6,768
1,2014-09-01,0.6,0.9,0.5,0.6,769
2,2016-09-01,0.6,0.9,0.5,0.6,769
1,2014-09-01,0.6,0.9,0.5,0.6,770
2,2016-09-01,0.6,0.9,0.5,0.6,770
1,2014-09-01,0.6,0.9,0.5,0.6,771
2,2016-09-01,0.6,0.9,0.5,0.6,771
1,2014-09-01,0.6,0.9,0.5,0.6,772
2,2016-09-01,0.6,0.9,0.5,0.6,772
1,2014-09-01,0.6,0.9,0.5,0.6,775
2,2016-09-01,0.6,0.9,0.5,0.6,775
1,2014-09-01,0.6,0.9,0.5,0.6,776
2,2016-09-01,0.6,0.9,0.5,0.6,776
1,2014-09-01,0.6,0.9,0.5,0.6,777
2,2016-09-01,0.6,0.9,0.5,0.6,777
1,2014-09-01,0.6,0.9,0.5,0.6,779
2,2016-09-01,0.6,0.9,0.5,0.6,779
1,2014-09-01,0.6,0.9,0.5,0.6,781
2,2016-09-01,0.6,0.9,0.5,0.6,781
1,2014-09-01,0.6,0.9,0.5,0.6,782
2,2016-09-01,0.6,0.9,0.5,0.6,782
1,2014-09-01,0.6,0.9,0.5,0.6,783
2,2016-09-01,0.6,0.9,0.5,0.6,783
1,2014-09-01,0.6,0.9,0.5,0.6,784
2,2016-09-01,0.6,0.9,0.5,0.6,784
1,2014-09-01,0.6,0.9,0.5,0.6,785
2,2016-09-01,0.6,0.9,0.5,0.6,785
1,2014-09-01,0.6,0.9,0.5,0.6,786
2,2016-09-01,0.6,0.9,0.5,0.6,786
1,2014-09-01,0.6,0.9,0.5,0.6,787
2,2016-09-01,0.6,0.9,0.5,0.6,787
1,2014-09-01,0.6,0.9,0.5,0.6,788
2,2016-09-01,0.6,0.9,0.5,0.6,788
1,2014-09-01,0.6,0.9,0.5,0.6,789
2,2016-09-01,0.6,0.9,0.5,0.6,789
1,2014-09-01,0.6,0.9,0.5,0.6,790
2,2016-09-01,0.6,0.9,0.5,0.6,790
1,2014-09-01,0.6,0.9,0.5,0.6,791
2,2016-09-01,0.6,0.9,0.5,0.6,791
1,2014-09-01,0.6,0.9,0.5,0.6,792
2,2016-09-01,0.6,0.9,0.5,0.6,792
1,2014-09-01,0.6,0.9,0.5,0.6,793
2,2016-09-01,0.6,0.9,0.5,0.6,793
1,2014-09-01,0.6,0.9,0.5,0.6,794
2,2016-09-01,0.6,0.9,0.5,0.6,794
1,2014-09-01,0.6,0.9,0.5,0.6,795
2,2016-09-01,0.6,0.9,0.5,0.6,795
1,2014-09-01,0.6,0.9,0.5,0.6,797
2,2016-09-01,0.6,0.9,0.5,0.6,797
1,2014-09-01,0.6,0.9,0.5,0.6,798
2,2016-09-01,0.6,0.9,0.5,0.6,798
1,2014-09-01,0.6,0.9,0.5,0.6,799
2,2016-09-01,0.6,0.9,0.5,0.6,799
1,2014-09-01,0.6,0.9,0.5,0.6,801
2,2016-09-01,0.6,0.9,0.5,0.6,801
1,2014-09-01,0.6,0.9,0.5,0.6,802
2,2016-09-01,0.6,0.9,0.5,0.6,802
1,2014-09-01,0.6,0.9,0.5,0.6,803
2,2016-09-01,0.6,0.9,0.5,0.6,803
1,2014-09-01,0.6,0.9,0.5,0.6,804
2,2016-09-01,0.6,0.9,0.5,0.6,804
1,2014-09-01,0.6,0.9,0.5,0.6,805
2,2016-09-01,0.6,0.9,0.5,0.6,805
1,2014-09-01,0.6,0.9,0.5,0.6,806
2,2016-09-01,0.6,0.9,0.5,0.6,806
1,2014-09-01,0.6,0.9,0.5,0.6,807
2,2016-09-01,0.6,0.9,0.5,0.6,807
1,2014-09-01,0.6,0.9,0.5,0.6,808
2,2016-09-01,0.6,0.9,0.5,0.6,808
1,2014-09-01,0.6,0.9,0.5,0.6,809
2,2016-09-01,0.6,0.9,0.5,0.6,809
1,2014-09-01,0.6,0.9,0.5,0.6,810
2,2016-09-01,0.6,0.9,0.5,0.6,810
1,2014-09-01,0.6,0.9,0.5,0.6,811
2,2016-09-01,0.6,0.9,0.5,0.6,811
1,2014-09-01,0.6,0.9,0.5,0.6,812
2,2016-09-01,0.6,0.9,0.5,0.6,812
1,2014-09-01,0.6,0.9,0.5,0.6,813
2,2016-09-01,0.6,0.9,0.5,0.6,813
1,2014-09-01,0.6,0.9,0.5,0.6,814
2,2016-09-01,0.6,0.9,0.5,0.6,814
1,2014-09-01,0.6,0.9,0.5,0.6,815
2,2016-09-01,0.6,0.9,0.5,0.6,815
1,2014-09-01,0.6,0.9,0.5,0.6,816
2,2016-09-01,0.6,0.9,0.5,0.6,816
1,2014-09-01,0.6,0.9,0.5,0.6,817
2,2016-09-01,0.6,0.9,0.5,0.6,817
1,2014-09-01,0.6,0.9,0.5,0.6,818
2,2016-09-01,0.6,0.9,0.5,0.6,818
1,2014-09-01,0.6,0.9,0.5,0.6,819
2,2016-09-01,0.6,0.9,0.5,0.6,819
1,2014-09-01,0.6,0.9,0.5,0.6,820
2,2016-09-01,0.6,0.9,0.5,0.6,820
1,2014-09-01,0.6,0.9,0.5,0.6,821
2,2016-09-01,0.6,0.9,0.5,0.6,821
1,2014-09-01,0.6,0.9,0.5,0.6,822
2,2016-09-01,0.6,0.9,0.5,0.6,822
1,2014-09-01,0.6,0.9,0.5,0.6,823
2,2016-09-01,0.6,0.9,0.5,0.6,823
1,2014-09-01,0.6,0.9,0.5,0.6,824
2,2016-09-01,0.6,0.9,0.5,0.6,824
1,2014-09-01,0.6,0.9,0.5,0.6,825
2,2016-09-01,0.6,0.9,0.5,0.6,825
1,2014-09-01,0.6,0.9,0.5,0.6,826
2,2016-09-01,0.6,0.9,0.5,0.6,826
1,2014-09-01,0.6,0.9,0.5,0.6,827
2,2016-09-01,0.6,0.9,0.5,0.6,827
1,2014-09-01,0.6,0.9,0.5,0.6,831
2,2016-09-01,0.6,0.9,0.5,0.6,831
1,2014-09-01,0.6,0.9,0.5,0.6,832
2,2016-09-01,0.6,0.9,0.5,0.6,832
1,2014-09-01,0.6,0.9,0.5,0.6,833
2,2016-09-01,0.6,0.9,0.5,0.6,833
1,2014-09-01,0.6,0.9,0.5,0.6,834
2,2016-09-01,0.6,0.9,0.5,0.6,834
1,2014-09-01,0.6,0.9,0.5,0.6,836
2,2016-09-01,0.6,0.9,0.5,0.6,836
1,2014-09-01,0.6,0.9,0.5,0.6,837
2,2016-09-01,0.6,0.9,0.5,0.6,837
1,2014-09-01,0.6,0.9,0.5,0.6,838
2,2016-09-01,0.6,0.9,0.5,0.6,838
1,2014-09-01,0.6,0.9,0.5,0.6,839
2,2016-09-01,0.6,0.9,0.5,0.6,839
1,2014-09-01,0.6,0.9,0.5,0.6,840
2,2016-09-01,0.6,0.9,0.5,0.6,840
1,2014-09-01,0.6,0.9,0.5,0.6,841
2,2016-09-01,0.6,0.9,0.5,0.6,841
1,2014-09-01,0.6,0.9,0.5,0.6,843
2,2016-09-01,0.6,0.9,0.5,0.6,843
1,2014-09-01,0.6,0.9,0.5,0.6,844
2,2016-09-01,0.6,0.9,0.5,0.6,844
1,2014-09-01,0.6,0.9,0.5,0.6,845
2,2016-09-01,0.6,0.9,0.5,0.6,845
1,2014-09-01,0.6,0.9,0.5,0.6,846
2,2016-09-01,0.6,0.9,0.5,0.6,846
1,2014-09-01,0.6,0.9,0.5,0.6,847
2,2016-09-01,0.6,0.9,0.5,0.6,847
1,2014-09-01,0.6,0.9,0.5,0.6,848
2,2016-09-01,0.6,0.9,0.5,0.6,848
1,2014-09-01,0.6,0.9,0.5,0.6,849
2,2016-09-01,0.6,0.9,0.5,0.6,849
1,2014-09-01,0.6,0.9,0.5,0.6,850
2,2016-09-01,0.6,0.9,0.5,0.6,850
1,2014-09-01,0.6,0.9,0.5,0.6,851
2,2016-09-01,0.6,0.9,0.5,0.6,851
1,2014-09-01,0.6,0.9,0.5,0.6,852
2,2016-09-01,0.6,0.9,0.5,0.6,852
1,2014-09-01,0.6,0.9,0.5,0.6,853
2,2016-09-01,0.6,0.9,0.5,0.6,853
1,2014-09-01,0.6,0.9,0.5,0.6,854
2,2016-09-01,0.6,0.9,0.5,0.6,854
1,2014-09-01,0.6,0.9,0.5,0.6,855
2,2016-09-01,0.6,0.9,0.5,0.6,855
1,2014-09-01,0.6,0.9,0.5,0.6,856
2,2016-09-01,0.6,0.9,0.5,0.6,856
1,2014-09-01,0.6,0.9,0.5,0.6,857
2,2016-09-01,0.6,0.9,0.5,0.6,857
1,2014-09-01,0.6,0.9,0.5,0.6,858
2,2016-09-01,0.6,0.9,0.5,0.6,858
1,2014-09-01,0.6,0.9,0.5,0.6,859
2,2016-09-01,0.6,0.9,0.5,0.6,859
1,2014-09-01,0.6,0.9,0.5,0.6,860
2,2016-09-01,0.6,0.9,0.5,0.6,860
1,2014-09-01,0.6,0.9,0.5,0.6,861
2,2016-09-01,0.6,0.9,0.5,0.6,861
1,2014-09-01,0.6,0.9,0.5,0.6,862
2,2016-09-01,0.6,0.9,0.5,0.6,862
1,2014-09-01,0.6,0.9,0.5,0.6,863
2,2016-09-01,0.6,0.9,0.5,0.6,863
1,2014-09-01,0.6,0.9,0.5,0.6,865
2,2016-09-01,0.6,0.9,0.5,0.6,865
1,2014-09-01,0.6,0.9,0.5,0.6,866
2,2016-09-01,0.6,0.9,0.5,0.6,866
1,2014-09-01,0.6,0.9,0.5,0.6,867
2,2016-09-01,0.6,0.9,0.5,0.6,867
1,2014-09-01,0.6,0.9,0.5,0.6,868
2,2016-09-01,0.6,0.9,0.5,0.6,868
1,2014-09-01,0.6,0.9,0.5,0.6,869
2,2016-09-01,0.6,0.9,0.5,0.6,869
1,2014-09-01,0.6,0.9,0.5,0.6,870
2,2016-09-01,0.6,0.9,0.5,0.6,870
1,2014-09-01,0.6,0.9,0.5,0.6,874
2,2016-09-01,0.6,0.9,0.5,0.6,874
1,2014-09-01,0.6,0.9,0.5,0.6,876
2,2016-09-01,0.6,0.9,0.5,0.6,876
1,2014-09-01,0.6,0.9,0.5,0.6,877
2,2016-09-01,0.6,0.9,0.5,0.6,877
1,2014-09-01,0.6,0.9,0.5,0.6,878
2,2016-09-01,0.6,0.9,0.5,0.6,878
1,2014-09-01,0.6,0.9,0.5,0.6,879
2,2016-09-01,0.6,0.9,0.5,0.6,879
1,2014-09-01,0.6,0.9,0.5,0.6,880
2,2016-09-01,0.6,0.9,0.5,0.6,880
1,2014-09-01,0.6,0.9,0.5,0.6,881
2,2016-09-01,0.6,0.9,0.5,0.6,881
1,2014-09-01,0.6,0.9,0.5,0.6,882
2,2016-09-01,0.6,0.9,0.5,0.6,882
1,2014-09-01,0.6,0.9,0.5,0.6,883
2,2016-09-01,0.6,0.9,0.5,0.6,883
1,2014-09-01,0.6,0.9,0.5,0.6,884
2,2016-09-01,0.6,0.9,0.5,0.6,884
1,2014-09-01,0.6,0.9,0.5,0.6,885
2,2016-09-01,0.6,0.9,0.5,0.6,885
1,2014-09-01,0.6,0.9,0.5,0.6,886
2,2016-09-01,0.6,0.9,0.5,0.6,886
1,2014-09-01,0.6,0.9,0.5,0.6,887
2,2016-09-01,0.6,0.9,0.5,0.6,887
1,2014-09-01,0.6,0.9,0.5,0.6,888
2,2016-09-01,0.6,0.9,0.5,0.6,888
1,2014-09-01,0.6,0.9,0.5,0.6,889
2,2016-09-01,0.6,0.9,0.5,0.6,889
1,2014-09-01,0.6,0.9,0.5,0.6,890
2,2016-09-01,0.6,0.9,0.5,0.6,890
1,2014-09-01,0.6,0.9,0.5,0.6,891
2,2016-09-01,0.6,0.9,0.5,0.6,891
1,2014-09-01,0.6,0.9,0.5,0.6,892
2,2016-09-01,0.6,0.9,0.5,0.6,892
1,2014-09-01,0.6,0.9,0.5,0.6,893
2,2016-09-01,0.6,0.9,0.5,0.6,893
1,2014-09-01,0.6,0.9,0.5,0.6,894
2,2016-09-01,0.6,0.9,0.5,0.6,894
1,2014-09-01,0.6,0.9,0.5,0.6,896
2,2016-09-01,0.6,0.9,0.5,0.6,896
1,2014-09-01,0.6,0.9,0.5,0.6,897
2,2016-09-01,0.6,0.9,0.5,0.6,897
1,2014-09-01,0.6,0.9,0.5,0.6,898
2,2016-09-01,0.6,0.9,0.5,0.6,898
1,2014-09-01,0.6,0.9,0.5,0.6,899
2,2016-09-01,0.6,0.9,0.5,0.6,899
1,2014-09-01,0.6,0.9,0.5,0.6,900
2,2016-09-01,0.6,0.9,0.5,0.6,900
1,2014-09-01,0.6,0.9,0.5,0.6,901
2,2016-09-01,0.6,0.9,0.5,0.6,901
1,2014-09-01,0.6,0.9,0.5,0.6,902
2,2016-09-01,0.6,0.9,0.5,0.6,902
1,2014-09-01,0.6,0.9,0.5,0.6,903
2,2016-09-01,0.6,0.9,0.5,0.6,903
1,2014-09-01,0.6,0.9,0.5,0.6,904
2,2016-09-01,0.6,0.9,0.5,0.6,904
1,2014-09-01,0.6,0.9,0.5,0.6,905
2,2016-09-01,0.6,0.9,0.5,0.6,905
1,2014-09-01,0.6,0.9,0.5,0.6,906
2,2016-09-01,0.6,0.9,0.5,0.6,906
1,2014-09-01,0.6,0.9,0.5,0.6,907
2,2016-09-01,0.6,0.9,0.5,0.6,907
1,2014-09-01,0.6,0.9,0.5,0.6,908
2,2016-09-01,0.6,0.9,0.5,0.6,908
1,2014-09-01,0.6,0.9,0.5,0.6,909
2,2016-09-01,0.6,0.9,0.5,0.6,909
1,2014-09-01,0.6,0.9,0.5,0.6,910
2,2016-09-01,0.6,0.9,0.5,0.6,910
1,2014-09-01,0.6,0.9,0.5,0.6,911
2,2016-09-01,0.6,0.9,0.5,0.6,911
1,2014-09-01,0.6,0.9,0.5,0.6,914
2,2016-09-01,0.6,0.9,0.5,0.6,914
1,2014-09-01,0.6,0.9,0.5,0.6,916
2,2016-09-01,0.6,0.9,0.5,0.6,916
1,2014-09-01,0.6,0.9,0.5,0.6,917
2,2016-09-01,0.6,0.9,0.5,0.6,917
1,2014-09-01,0.6,0.9,0.5,0.6,919
2,2016-09-01,0.6,0.9,0.5,0.6,919
1,2014-09-01,0.6,0.9,0.5,0.6,920
2,2016-09-01,0.6,0.9,0.5,0.6,920
1,2014-09-01,0.6,0.9,0.5,0.6,921
2,2016-09-01,0.6,0.9,0.5,0.6,921
1,2014-09-01,0.6,0.9,0.5,0.6,922
2,2016-09-01,0.6,0.9,0.5,0.6,922
1,2014-09-01,0.6,0.9,0.5,0.6,924
2,2016-09-01,0.6,0.9,0.5,0.6,924
1,2014-09-01,0.6,0.9,0.5,0.6,927
2,2016-09-01,0.6,0.9,0.5,0.6,927
1,2014-09-01,0.6,0.9,0.5,0.6,929
2,2016-09-01,0.6,0.9,0.5,0.6,929
1,2014-09-01,0.6,0.9,0.5,0.6,930
2,2016-09-01,0.6,0.9,0.5,0.6,930
1,2014-09-01,0.6,0.9,0.5,0.6,931
2,2016-09-01,0.6,0.9,0.5,0.6,931
1,2014-09-01,0.6,0.9,0.5,0.6,932
2,2016-09-01,0.6,0.9,0.5,0.6,932
1,2014-09-01,0.6,0.9,0.5,0.6,933
2,2016-09-01,0.6,0.9,0.5,0.6,933
1,2014-09-01,0.6,0.9,0.5,0.6,934
2,2016-09-01,0.6,0.9,0.5,0.6,934
1,2014-09-01,0.6,0.9,0.5,0.6,935
2,2016-09-01,0.6,0.9,0.5,0.6,935
1,2014-09-01,0.6,0.9,0.5,0.6,936
2,2016-09-01,0.6,0.9,0.5,0.6,936
1,2014-09-01,0.6,0.9,0.5,0.6,937
2,2016-09-01,0.6,0.9,0.5,0.6,937
1,2014-09-01,0.6,0.9,0.5,0.6,938
2,2016-09-01,0.6,0.9,0.5,0.6,938
1,2014-09-01,0.6,0.9,0.5,0.6,939
2,2016-09-01,0.6,0.9,0.5,0.6,939
1,2014-09-01,0.6,0.9,0.5,0.6,940
2,2016-09-01,0.6,0.9,0.5,0.6,940
1,2014-09-01,0.6,0.9,0.5,0.6,942
2,2016-09-01,0.6,0.9,0.5,0.6,942
1,2014-09-01,0.6,0.9,0.5,0.6,943
2,2016-09-01,0.6,0.9,0.5,0.6,943
1,2014-09-01,0.6,0.9,0.5,0.6,944
2,2016-09-01,0.6,0.9,0.5,0.6,944
1,2014-09-01,0.6,0.9,0.5,0.6,945
2,2016-09-01,0.6,0.9,0.5,0.6,945
1,2014-09-01,0.6,0.9,0.5,0.6,946
2,2016-09-01,0.6,0.9,0.5,0.6,946
1,2014-09-01,0.6,0.9,0.5,0.6,947
2,2016-09-01,0.6,0.9,0.5,0.6,947
1,2014-09-01,0.6,0.9,0.5,0.6,948
2,2016-09-01,0.6,0.9,0.5,0.6,948
1,2014-09-01,0.6,0.9,0.5,0.6,949
2,2016-09-01,0.6,0.9,0.5,0.6,949
1,2014-09-01,0.6,0.9,0.5,0.6,950
2,2016-09-01,0.6,0.9,0.5,0.6,950
1,2014-09-01,0.6,0.9,0.5,0.6,951
2,2016-09-01,0.6,0.9,0.5,0.6,951
1,2014-09-01,0.6,0.9,0.5,0.6,952
2,2016-09-01,0.6,0.9,0.5,0.6,952
1,2014-09-01,0.6,0.9,0.5,0.6,953
2,2016-09-01,0.6,0.9,0.5,0.6,953
1,2014-09-01,0.6,0.9,0.5,0.6,955
2,2016-09-01,0.6,0.9,0.5,0.6,955
1,2014-09-01,0.6,0.9,0.5,0.6,956
2,2016-09-01,0.6,0.9,0.5,0.6,956
1,2014-09-01,0.6,0.9,0.5,0.6,957
2,2016-09-01,0.6,0.9,0.5,0.6,957
1,2014-09-01,0.6,0.9,0.5,0.6,959
2,2016-09-01,0.6,0.9,0.5,0.6,959
1,2014-09-01,0.6,0.9,0.5,0.6,960
2,2016-09-01,0.6,0.9,0.5,0.6,960
1,2014-09-01,0.6,0.9,0.5,0.6,961
2,2016-09-01,0.6,0.9,0.5,0.6,961
1,2014-09-01,0.6,0.9,0.5,0.6,962
2,2016-09-01,0.6,0.9,0.5,0.6,962
1,2014-09-01,0.6,0.9,0.5,0.6,963
2,2016-09-01,0.6,0.9,0.5,0.6,963
1,2014-09-01,0.6,0.9,0.5,0.6,964
2,2016-09-01,0.6,0.9,0.5,0.6,964
1,2014-09-01,0.6,0.9,0.5,0.6,965
2,2016-09-01,0.6,0.9,0.5,0.6,965
1,2014-09-01,0.6,0.9,0.5,0.6,966
2,2016-09-01,0.6,0.9,0.5,0.6,966
1,2014-09-01,0.6,0.9,0.5,0.6,967
2,2016-09-01,0.6,0.9,0.5,0.6,967
1,2014-09-01,0.6,0.9,0.5,0.6,968
2,2016-09-01,0.6,0.9,0.5,0.6,968
1,2014-09-01,0.6,0.9,0.5,0.6,969
2,2016-09-01,0.6,0.9,0.5,0.6,969
1,2014-09-01,0.6,0.9,0.5,0.6,971
2,2016-09-01,0.6,0.9,0.5,0.6,971
1,2014-09-01,0.6,0.9,0.5,0.6,972
2,2016-09-01,0.6,0.9,0.5,0.6,972
1,2014-09-01,0.6,0.9,0.5,0.6,973
2,2016-09-01,0.6,0.9,0.5,0.6,973
1,2014-09-01,0.6,0.9,0.5,0.6,974
2,2016-09-01,0.6,0.9,0.5,0.6,974
1,2014-09-01,0.6,0.9,0.5,0.6,975
2,2016-09-01,0.6,0.9,0.5,0.6,975
1,2014-09-01,0.6,0.9,0.5,0.6,976
2,2016-09-01,0.6,0.9,0.5,0.6,976
1,2014-09-01,0.6,0.9,0.5,0.6,977
2,2016-09-01,0.6,0.9,0.5,0.6,977
1,2014-09-01,0.6,0.9,0.5,0.6,978
2,2016-09-01,0.6,0.9,0.5,0.6,978
1,2014-09-01,0.6,0.9,0.5,0.6,979
2,2016-09-01,0.6,0.9,0.5,0.6,979
1,2014-09-01,0.6,0.9,0.5,0.6,980
2,2016-09-01,0.6,0.9,0.5,0.6,980
1,2014-09-01,0.6,0.9,0.5,0.6,981
2,2016-09-01,0.6,0.9,0.5,0.6,981
1,2014-09-01,0.6,0.9,0.5,0.6,982
2,2016-09-01,0.6,0.9,0.5,0.6,982
1,2014-09-01,0.6,0.9,0.5,0.6,983
2,2016-09-01,0.6,0.9,0.5,0.6,983
1,2014-09-01,0.6,0.9,0.5,0.6,984
2,2016-09-01,0.6,0.9,0.5,0.6,984
1,2014-09-01,0.6,0.9,0.5,0.6,985
2,2016-09-01,0.6,0.9,0.5,0.6,985
1,2014-09-01,0.6,0.9,0.5,0.6,986
2,2016-09-01,0.6,0.9,0.5,0.6,986
1,2014-09-01,0.6,0.9,0.5,0.6,987
2,2016-09-01,0.6,0.9,0.5,0.6,987
1,2014-09-01,0.6,0.9,0.5,0.6,988
2,2016-09-01,0.6,0.9,0.5,0.6,988
1,2014-09-01,0.6,0.9,0.5,0.6,989
2,2016-09-01,0.6,0.9,0.5,0.6,989
1,2014-09-01,0.6,0.9,0.5,0.6,990
2,2016-09-01,0.6,0.9,0.5,0.6,990
1,2014-09-01,0.6,0.9,0.5,0.6,992
2,2016-09-01,0.6,0.9,0.5,0.6,992
1,2014-09-01,0.6,0.9,0.5,0.6,993
2,2016-09-01,0.6,0.9,0.5,0.6,993
1,2014-09-01,0.6,0.9,0.5,0.6,994
2,2016-09-01,0.6,0.9,0.5,0.6,994
1,2014-09-01,0.6,0.9,0.5,0.6,995
2,2016-09-01,0.6,0.9,0.5,0.6,995
1,2014-09-01,0.6,0.9,0.5,0.6,996
2,2016-09-01,0.6,0.9,0.5,0.6,996
1,2014-09-01,0.6,0.9,0.5,0.6,997
2,2016-09-01,0.6,0.9,0.5,0.6,997
1,2014-09-01,0.6,0.9,0.5,0.6,998
2,2016-09-01,0.6,0.9,0.5,0.6,998
1,2014-09-01,0.6,0.9,0.5,0.6,999
2,2016-09-01,0.6,0.9,0.5,0.6,999
1,2014-09-01,0.6,0.9,0.5,0.6,1000
2,2016-09-01,0.6,0.9,0.5,0.6,1000
1,2014-09-01,0.6,0.9,0.5,0.6,1002
2,2016-09-01,0.6,0.9,0.5,0.6,1002
1,2014-09-01,0.6,0.9,0.5,0.6,1003
2,2016-09-01,0.6,0.9,0.5,0.6,1003
1,2014-09-01,0.6,0.9,0.5,0.6,1004
2,2016-09-01,0.6,0.9,0.5,0.6,1004
1,2014-09-01,0.6,0.9,0.5,0.6,1005
2,2016-09-01,0.6,0.9,0.5,0.6,1005
1,2014-09-01,0.6,0.9,0.5,0.6,1006
2,2016-09-01,0.6,0.9,0.5,0.6,1006
1,2014-09-01,0.6,0.9,0.5,0.6,1008
2,2016-09-01,0.6,0.9,0.5,0.6,1008
1,2014-09-01,0.6,0.9,0.5,0.6,1009
2,2016-09-01,0.6,0.9,0.5,0.6,1009
1,2014-09-01,0.6,0.9,0.5,0.6,1010
2,2016-09-01,0.6,0.9,0.5,0.6,1010
1,2014-09-01,0.6,0.9,0.5,0.6,1011
2,2016-09-01,0.6,0.9,0.5,0.6,1011
1,2014-09-01,0.6,0.9,0.5,0.6,1012
2,2016-09-01,0.6,0.9,0.5,0.6,1012
1,2014-09-01,0.6,0.9,0.5,0.6,1013
2,2016-09-01,0.6,0.9,0.5,0.6,1013
1,2014-09-01,0.6,0.9,0.5,0.6,1014
2,2016-09-01,0.6,0.9,0.5,0.6,1014
1,2014-09-01,0.6,0.9,0.5,0.6,1015
2,2016-09-01,0.6,0.9,0.5,0.6,1015
1,2014-09-01,0.6,0.9,0.5,0.6,1016
2,2016-09-01,0.6,0.9,0.5,0.6,1016
1,2014-09-01,0.6,0.9,0.5,0.6,1017
2,2016-09-01,0.6,0.9,0.5,0.6,1017
1,2014-09-01,0.6,0.9,0.5,0.6,1018
2,2016-09-01,0.6,0.9,0.5,0.6,1018
1,2014-09-01,0.6,0.9,0.5,0.6,1019
2,2016-09-01,0.6,0.9,0.5,0.6,1019
1,2014-09-01,0.6,0.9,0.5,0.6,1020
2,2016-09-01,0.6,0.9,0.5,0.6,1020
1,2014-09-01,0.6,0.9,0.5,0.6,1021
2,2016-09-01,0.6,0.9,0.5,0.6,1021
1,2014-09-01,0.6,0.9,0.5,0.6,1022
2,2016-09-01,0.6,0.9,0.5,0.6,1022
1,2014-09-01,0.6,0.9,0.5,0.6,1023
2,2016-09-01,0.6,0.9,0.5,0.6,1023
1,2014-09-01,0.6,0.9,0.5,0.6,1026
2,2016-09-01,0.6,0.9,0.5,0.6,1026
1,2014-09-01,0.6,0.9,0.5,0.6,1027
2,2016-09-01,0.6,0.9,0.5,0.6,1027
1,2014-09-01,0.6,0.9,0.5,0.6,1028
2,2016-09-01,0.6,0.9,0.5,0.6,1028
1,2014-09-01,0.6,0.9,0.5,0.6,1029
2,2016-09-01,0.6,0.9,0.5,0.6,1029
1,2014-09-01,0.6,0.9,0.5,0.6,1031
2,2016-09-01,0.6,0.9,0.5,0.6,1031
1,2014-09-01,0.6,0.9,0.5,0.6,1032
2,2016-09-01,0.6,0.9,0.5,0.6,1032
1,2014-09-01,0.6,0.9,0.5,0.6,1033
2,2016-09-01,0.6,0.9,0.5,0.6,1033
1,2014-09-01,0.6,0.9,0.5,0.6,1036
2,2016-09-01,0.6,0.9,0.5,0.6,1036
1,2014-09-01,0.6,0.9,0.5,0.6,1037
2,2016-09-01,0.6,0.9,0.5,0.6,1037
1,2014-09-01,0.6,0.9,0.5,0.6,1038
2,2016-09-01,0.6,0.9,0.5,0.6,1038
1,2014-09-01,0.6,0.9,0.5,0.6,1039
2,2016-09-01,0.6,0.9,0.5,0.6,1039
1,2014-09-01,0.6,0.9,0.5,0.6,1040
2,2016-09-01,0.6,0.9,0.5,0.6,1040
1,2014-09-01,0.6,0.9,0.5,0.6,1043
2,2016-09-01,0.6,0.9,0.5,0.6,1043
1,2014-09-01,0.6,0.9,0.5,0.6,1044
2,2016-09-01,0.6,0.9,0.5,0.6,1044
1,2014-09-01,0.6,0.9,0.5,0.6,1046
2,2016-09-01,0.6,0.9,0.5,0.6,1046
1,2014-09-01,0.6,0.9,0.5,0.6,1047
2,2016-09-01,0.6,0.9,0.5,0.6,1047
1,2014-09-01,0.6,0.9,0.5,0.6,1048
2,2016-09-01,0.6,0.9,0.5,0.6,1048
1,2014-09-01,0.6,0.9,0.5,0.6,1049
2,2016-09-01,0.6,0.9,0.5,0.6,1049
1,2014-09-01,0.6,0.9,0.5,0.6,1050
2,2016-09-01,0.6,0.9,0.5,0.6,1050
1,2014-09-01,0.6,0.9,0.5,0.6,1051
2,2016-09-01,0.6,0.9,0.5,0.6,1051
1,2014-09-01,0.6,0.9,0.5,0.6,1054
2,2016-09-01,0.6,0.9,0.5,0.6,1054
1,2014-09-01,0.6,0.9,0.5,0.6,1055
2,2016-09-01,0.6,0.9,0.5,0.6,1055
1,2014-09-01,0.6,0.9,0.5,0.6,1059
2,2016-09-01,0.6,0.9,0.5,0.6,1059
1,2014-09-01,0.6,0.9,0.5,0.6,1060
2,2016-09-01,0.6,0.9,0.5,0.6,1060
1,2014-09-01,0.6,0.9,0.5,0.6,1061
2,2016-09-01,0.6,0.9,0.5,0.6,1061
1,2014-09-01,0.6,0.9,0.5,0.6,1062
2,2016-09-01,0.6,0.9,0.5,0.6,1062
1,2014-09-01,0.6,0.9,0.5,0.6,1064
2,2016-09-01,0.6,0.9,0.5,0.6,1064
1,2014-09-01,0.6,0.9,0.5,0.6,1067
2,2016-09-01,0.6,0.9,0.5,0.6,1067
1,2014-09-01,0.6,0.9,0.5,0.6,1070
2,2016-09-01,0.6,0.9,0.5,0.6,1070
1,2014-09-01,0.6,0.9,0.5,0.6,1071
2,2016-09-01,0.6,0.9,0.5,0.6,1071
1,2014-09-01,0.6,0.9,0.5,0.6,1072
2,2016-09-01,0.6,0.9,0.5,0.6,1072
1,2014-09-01,0.6,0.9,0.5,0.6,1079
2,2016-09-01,0.6,0.9,0.5,0.6,1079
1,2014-09-01,0.6,0.9,0.5,0.6,1080
2,2016-09-01,0.6,0.9,0.5,0.6,1080
1,2014-09-01,0.6,0.9,0.5,0.6,1081
2,2016-09-01,0.6,0.9,0.5,0.6,1081
1,2014-09-01,0.6,0.9,0.5,0.6,1082
2,2016-09-01,0.6,0.9,0.5,0.6,1082
1,2014-09-01,0.6,0.9,0.5,0.6,1083
2,2016-09-01,0.6,0.9,0.5,0.6,1083
1,2014-09-01,0.6,0.9,0.5,0.6,1084
2,2016-09-01,0.6,0.9,0.5,0.6,1084
1,2014-09-01,0.6,0.9,0.5,0.6,1085
2,2016-09-01,0.6,0.9,0.5,0.6,1085
1,2014-09-01,0.6,0.9,0.5,0.6,1089
2,2016-09-01,0.6,0.9,0.5,0.6,1089
1,2014-09-01,0.6,0.9,0.5,0.6,1090
2,2016-09-01,0.6,0.9,0.5,0.6,1090
1,2014-09-01,0.6,0.9,0.5,0.6,1091
2,2016-09-01,0.6,0.9,0.5,0.6,1091
1,2014-09-01,0.6,0.9,0.5,0.6,1092
2,2016-09-01,0.6,0.9,0.5,0.6,1092
1,2014-09-01,0.6,0.9,0.5,0.6,1093
2,2016-09-01,0.6,0.9,0.5,0.6,1093
1,2014-09-01,0.6,0.9,0.5,0.6,1094
2,2016-09-01,0.6,0.9,0.5,0.6,1094
1,2014-09-01,0.6,0.9,0.5,0.6,1095
2,2016-09-01,0.6,0.9,0.5,0.6,1095
1,2014-09-01,0.6,0.9,0.5,0.6,1096
2,2016-09-01,0.6,0.9,0.5,0.6,1096
1,2014-09-01,0.6,0.9,0.5,0.6,1106
2,2016-09-01,0.6,0.9,0.5,0.6,1106
1,2014-09-01,0.6,0.9,0.5,0.6,1108
2,2016-09-01,0.6,0.9,0.5,0.6,1108
1,2014-09-01,0.6,0.9,0.5,0.6,1109
2,2016-09-01,0.6,0.9,0.5,0.6,1109
1,2014-09-01,0.6,0.9,0.5,0.6,1110
2,2016-09-01,0.6,0.9,0.5,0.6,1110
1,2014-09-01,0.6,0.9,0.5,0.6,1119
2,2016-09-01,0.6,0.9,0.5,0.6,1119
1,2014-09-01,0.6,0.9,0.5,0.6,1120
2,2016-09-01,0.6,0.9,0.5,0.6,1120
1,2014-09-01,0.6,0.9,0.5,0.6,1121
2,2016-09-01,0.6,0.9,0.5,0.6,1121
1,2014-09-01,0.6,0.9,0.5,0.6,1122
2,2016-09-01,0.6,0.9,0.5,0.6,1122
1,2014-09-01,0.6,0.9,0.5,0.6,1123
2,2016-09-01,0.6,0.9,0.5,0.6,1123
1,2014-09-01,0.6,0.9,0.5,0.6,1128
2,2016-09-01,0.6,0.9,0.5,0.6,1128
1,2014-09-01,0.6,0.9,0.5,0.6,1130
2,2016-09-01,0.6,0.9,0.5,0.6,1130
1,2014-09-01,0.6,0.9,0.5,0.6,1133
2,2016-09-01,0.6,0.9,0.5,0.6,1133
1,2014-09-01,0.6,0.9,0.5,0.6,1134
2,2016-09-01,0.6,0.9,0.5,0.6,1134
1,2014-09-01,0.6,0.9,0.5,0.6,1135
2,2016-09-01,0.6,0.9,0.5,0.6,1135
1,2014-09-01,0.6,0.9,0.5,0.6,1136
2,2016-09-01,0.6,0.9,0.5,0.6,1136
1,2014-09-01,0.6,0.9,0.5,0.6,1142
2,2016-09-01,0.6,0.9,0.5,0.6,1142
1,2014-09-01,0.6,0.9,0.5,0.6,1143
2,2016-09-01,0.6,0.9,0.5,0.6,1143
1,2014-09-01,0.6,0.9,0.5,0.6,1144
2,2016-09-01,0.6,0.9,0.5,0.6,1144
1,2014-09-01,0.6,0.9,0.5,0.6,1145
2,2016-09-01,0.6,0.9,0.5,0.6,1145
1,2014-09-01,0.6,0.9,0.5,0.6,1146
2,2016-09-01,0.6,0.9,0.5,0.6,1146
1,2014-09-01,0.6,0.9,0.5,0.6,1148
2,2016-09-01,0.6,0.9,0.5,0.6,1148
1,2014-09-01,0.6,0.9,0.5,0.6,1149
2,2016-09-01,0.6,0.9,0.5,0.6,1149
1,2014-09-01,0.6,0.9,0.5,0.6,1154
2,2016-09-01,0.6,0.9,0.5,0.6,1154
1,2014-09-01,0.6,0.9,0.5,0.6,1155
2,2016-09-01,0.6,0.9,0.5,0.6,1155
1,2014-09-01,0.6,0.9,0.5,0.6,1156
2,2016-09-01,0.6,0.9,0.5,0.6,1156
1,2014-09-01,0.6,0.9,0.5,0.6,1157
2,2016-09-01,0.6,0.9,0.5,0.6,1157
1,2014-09-01,0.6,0.9,0.5,0.6,1158
2,2016-09-01,0.6,0.9,0.5,0.6,1158
1,2014-09-01,0.6,0.9,0.5,0.6,1159
2,2016-09-01,0.6,0.9,0.5,0.6,1159
1,2014-09-01,0.6,0.9,0.5,0.6,1160
2,2016-09-01,0.6,0.9,0.5,0.6,1160
1,2014-09-01,0.6,0.9,0.5,0.6,1161
2,2016-09-01,0.6,0.9,0.5,0.6,1161
1,2014-09-01,0.6,0.9,0.5,0.6,1162
2,2016-09-01,0.6,0.9,0.5,0.6,1162
1,2014-09-01,0.6,0.9,0.5,0.6,1168
2,2016-09-01,0.6,0.9,0.5,0.6,1168
1,2014-09-01,0.6,0.9,0.5,0.6,1169
2,2016-09-01,0.6,0.9,0.5,0.6,1169
1,2014-09-01,0.6,0.9,0.5,0.6,1170
2,2016-09-01,0.6,0.9,0.5,0.6,1170
1,2014-09-01,0.6,0.9,0.5,0.6,1171
2,2016-09-01,0.6,0.9,0.5,0.6,1171
1,2014-09-01,0.6,0.9,0.5,0.6,1172
2,2016-09-01,0.6,0.9,0.5,0.6,1172
1,2014-09-01,0.6,0.9,0.5,0.6,1173
2,2016-09-01,0.6,0.9,0.5,0.6,1173
1,2014-09-01,0.6,0.9,0.5,0.6,1174
2,2016-09-01,0.6,0.9,0.5,0.6,1174
1,2014-09-01,0.6,0.9,0.5,0.6,1175
2,2016-09-01,0.6,0.9,0.5,0.6,1175
1,2014-09-01,0.6,0.9,0.5,0.6,1177
2,2016-09-01,0.6,0.9,0.5,0.6,1177
1,2014-09-01,0.6,0.9,0.5,0.6,1178
2,2016-09-01,0.6,0.9,0.5,0.6,1178
1,2014-09-01,0.6,0.9,0.5,0.6,1179
2,2016-09-01,0.6,0.9,0.5,0.6,1179
1,2014-09-01,0.6,0.9,0.5,0.6,1180
2,2016-09-01,0.6,0.9,0.5,0.6,1180
1,2014-09-01,0.6,0.9,0.5,0.6,1187
2,2016-09-01,0.6,0.9,0.5,0.6,1187
1,2014-09-01,0.6,0.9,0.5,0.6,1188
2,2016-09-01,0.6,0.9,0.5,0.6,1188
1,2014-09-01,0.6,0.9,0.5,0.6,1189
2,2016-09-01,0.6,0.9,0.5,0.6,1189
1,2014-09-01,0.6,0.9,0.5,0.6,1190
2,2016-09-01,0.6,0.9,0.5,0.6,1190
1,2014-09-01,0.6,0.9,0.5,0.6,1191
2,2016-09-01,0.6,0.9,0.5,0.6,1191
1,2014-09-01,0.6,0.9,0.5,0.6,1192
2,2016-09-01,0.6,0.9,0.5,0.6,1192
1,2014-09-01,0.6,0.9,0.5,0.6,1193
2,2016-09-01,0.6,0.9,0.5,0.6,1193
1,2014-09-01,0.6,0.9,0.5,0.6,1194
2,2016-09-01,0.6,0.9,0.5,0.6,1194
1,2014-09-01,0.6,0.9,0.5,0.6,1195
2,2016-09-01,0.6,0.9,0.5,0.6,1195
1,2014-09-01,0.6,0.9,0.5,0.6,1196
2,2016-09-01,0.6,0.9,0.5,0.6,1196
1,2014-09-01,0.6,0.9,0.5,0.6,1197
2,2016-09-01,0.6,0.9,0.5,0.6,1197
1,2014-09-01,0.6,0.9,0.5,0.6,1198
2,2016-09-01,0.6,0.9,0.5,0.6,1198
1,2014-09-01,0.6,0.9,0.5,0.6,1205
2,2016-09-01,0.6,0.9,0.5,0.6,1205
1,2014-09-01,0.6,0.9,0.5,0.6,1206
2,2016-09-01,0.6,0.9,0.5,0.6,1206
1,2014-09-01,0.6,0.9,0.5,0.6,1207
2,2016-09-01,0.6,0.9,0.5,0.6,1207
1,2014-09-01,0.6,0.9,0.5,0.6,1208
2,2016-09-01,0.6,0.9,0.5,0.6,1208
1,2014-09-01,0.6,0.9,0.5,0.6,1209
2,2016-09-01,0.6,0.9,0.5,0.6,1209
1,2014-09-01,0.6,0.9,0.5,0.6,1210
2,2016-09-01,0.6,0.9,0.5,0.6,1210
1,2014-09-01,0.6,0.9,0.5,0.6,1211
2,2016-09-01,0.6,0.9,0.5,0.6,1211
1,2014-09-01,0.6,0.9,0.5,0.6,1212
2,2016-09-01,0.6,0.9,0.5,0.6,1212
1,2014-09-01,0.6,0.9,0.5,0.6,1213
2,2016-09-01,0.6,0.9,0.5,0.6,1213
1,2014-09-01,0.6,0.9,0.5,0.6,1214
2,2016-09-01,0.6,0.9,0.5,0.6,1214
1,2014-09-01,0.6,0.9,0.5,0.6,1216
2,2016-09-01,0.6,0.9,0.5,0.6,1216
1,2014-09-01,0.6,0.9,0.5,0.6,1222
2,2016-09-01,0.6,0.9,0.5,0.6,1222
1,2014-09-01,0.6,0.9,0.5,0.6,1223
2,2016-09-01,0.6,0.9,0.5,0.6,1223
1,2014-09-01,0.6,0.9,0.5,0.6,1224
2,2016-09-01,0.6,0.9,0.5,0.6,1224
1,2014-09-01,0.6,0.9,0.5,0.6,1226
2,2016-09-01,0.6,0.9,0.5,0.6,1226
1,2014-09-01,0.6,0.9,0.5,0.6,1227
2,2016-09-01,0.6,0.9,0.5,0.6,1227
1,2014-09-01,0.6,0.9,0.5,0.6,1230
2,2016-09-01,0.6,0.9,0.5,0.6,1230
1,2014-09-01,0.6,0.9,0.5,0.6,1231
2,2016-09-01,0.6,0.9,0.5,0.6,1231
1,2014-09-01,0.6,0.9,0.5,0.6,1232
2,2016-09-01,0.6,0.9,0.5,0.6,1232
1,2014-09-01,0.6,0.9,0.5,0.6,1234
2,2016-09-01,0.6,0.9,0.5,0.6,1234
1,2014-09-01,0.6,0.9,0.5,0.6,1237
2,2016-09-01,0.6,0.9,0.5,0.6,1237
1,2014-09-01,0.6,0.9,0.5,0.6,1238
2,2016-09-01,0.6,0.9,0.5,0.6,1238
1,2014-09-01,0.6,0.9,0.5,0.6,1239
2,2016-09-01,0.6,0.9,0.5,0.6,1239
1,2014-09-01,0.6,0.9,0.5,0.6,1240
2,2016-09-01,0.6,0.9,0.5,0.6,1240
1,2014-09-01,0.6,0.9,0.5,0.6,1241
2,2016-09-01,0.6,0.9,0.5,0.6,1241
1,2014-09-01,0.6,0.9,0.5,0.6,1242
2,2016-09-01,0.6,0.9,0.5,0.6,1242
1,2014-09-01,0.6,0.9,0.5,0.6,1243
2,2016-09-01,0.6,0.9,0.5,0.6,1243
1,2014-09-01,0.6,0.9,0.5,0.6,1244
2,2016-09-01,0.6,0.9,0.5,0.6,1244
1,2014-09-01,0.6,0.9,0.5,0.6,1245
2,2016-09-01,0.6,0.9,0.5,0.6,1245
1,2014-09-01,0.6,0.9,0.5,0.6,1246
2,2016-09-01,0.6,0.9,0.5,0.6,1246
1,2014-09-01,0.6,0.9,0.5,0.6,1247
2,2016-09-01,0.6,0.9,0.5,0.6,1247
1,2014-09-01,0.6,0.9,0.5,0.6,1248
2,2016-09-01,0.6,0.9,0.5,0.6,1248
1,2014-09-01,0.6,0.9,0.5,0.6,1249
2,2016-09-01,0.6,0.9,0.5,0.6,1249
1,2014-09-01,0.6,0.9,0.5,0.6,1250
2,2016-09-01,0.6,0.9,0.5,0.6,1250
1,2014-09-01,0.6,0.9,0.5,0.6,1251
2,2016-09-01,0.6,0.9,0.5,0.6,1251
1,2014-09-01,0.6,0.9,0.5,0.6,1252
2,2016-09-01,0.6,0.9,0.5,0.6,1252
1,2014-09-01,0.6,0.9,0.5,0.6,1253
2,2016-09-01,0.6,0.9,0.5,0.6,1253
1,2014-09-01,0.6,0.9,0.5,0.6,1254
2,2016-09-01,0.6,0.9,0.5,0.6,1254
1,2014-09-01,0.6,0.9,0.5,0.6,1255
2,2016-09-01,0.6,0.9,0.5,0.6,1255
1,2014-09-01,0.6,0.9,0.5,0.6,1256
2,2016-09-01,0.6,0.9,0.5,0.6,1256
1,2014-09-01,0.6,0.9,0.5,0.6,1257
2,2016-09-01,0.6,0.9,0.5,0.6,1257
1,2014-09-01,0.6,0.9,0.5,0.6,1258
2,2016-09-01,0.6,0.9,0.5,0.6,1258
1,2014-09-01,0.6,0.9,0.5,0.6,1259
2,2016-09-01,0.6,0.9,0.5,0.6,1259
1,2014-09-01,0.6,0.9,0.5,0.6,1260
2,2016-09-01,0.6,0.9,0.5,0.6,1260
1,2014-09-01,0.6,0.9,0.5,0.6,1261
2,2016-09-01,0.6,0.9,0.5,0.6,1261
1,2014-09-01,0.6,0.9,0.5,0.6,1262
2,2016-09-01,0.6,0.9,0.5,0.6,1262
1,2014-09-01,0.6,0.9,0.5,0.6,1263
2,2016-09-01,0.6,0.9,0.5,0.6,1263
1,2014-09-01,0.6,0.9,0.5,0.6,1264
2,2016-09-01,0.6,0.9,0.5,0.6,1264
1,2014-09-01,0.6,0.9,0.5,0.6,1265
2,2016-09-01,0.6,0.9,0.5,0.6,1265
1,2014-09-01,0.6,0.9,0.5,0.6,1266
2,2016-09-01,0.6,0.9,0.5,0.6,1266
1,2014-09-01,0.6,0.9,0.5,0.6,1267
2,2016-09-01,0.6,0.9,0.5,0.6,1267
1,2014-09-01,0.6,0.9,0.5,0.6,1268
2,2016-09-01,0.6,0.9,0.5,0.6,1268
1,2014-09-01,0.6,0.9,0.5,0.6,1269
2,2016-09-01,0.6,0.9,0.5,0.6,1269
1,2014-09-01,0.6,0.9,0.5,0.6,1270
2,2016-09-01,0.6,0.9,0.5,0.6,1270
1,2014-09-01,0.6,0.9,0.5,0.6,1271
2,2016-09-01,0.6,0.9,0.5,0.6,1271
1,2014-09-01,0.6,0.9,0.5,0.6,1272
2,2016-09-01,0.6,0.9,0.5,0.6,1272
1,2014-09-01,0.6,0.9,0.5,0.6,1274
2,2016-09-01,0.6,0.9,0.5,0.6,1274
1,2014-09-01,0.6,0.9,0.5,0.6,1276
2,2016-09-01,0.6,0.9,0.5,0.6,1276
1,2014-09-01,0.6,0.9,0.5,0.6,1277
2,2016-09-01,0.6,0.9,0.5,0.6,1277
1,2014-09-01,0.6,0.9,0.5,0.6,1278
2,2016-09-01,0.6,0.9,0.5,0.6,1278
1,2014-09-01,0.6,0.9,0.5,0.6,1279
2,2016-09-01,0.6,0.9,0.5,0.6,1279
1,2014-09-01,0.6,0.9,0.5,0.6,1280
2,2016-09-01,0.6,0.9,0.5,0.6,1280
1,2014-09-01,0.6,0.9,0.5,0.6,1281
2,2016-09-01,0.6,0.9,0.5,0.6,1281
1,2014-09-01,0.6,0.9,0.5,0.6,1282
2,2016-09-01,0.6,0.9,0.5,0.6,1282
1,2014-09-01,0.6,0.9,0.5,0.6,1284
2,2016-09-01,0.6,0.9,0.5,0.6,1284
1,2014-09-01,0.6,0.9,0.5,0.6,1285
2,2016-09-01,0.6,0.9,0.5,0.6,1285
1,2014-09-01,0.6,0.9,0.5,0.6,1286
2,2016-09-01,0.6,0.9,0.5,0.6,1286
1,2014-09-01,0.6,0.9,0.5,0.6,1287
2,2016-09-01,0.6,0.9,0.5,0.6,1287
1,2014-09-01,0.6,0.9,0.5,0.6,1288
2,2016-09-01,0.6,0.9,0.5,0.6,1288
1,2014-09-01,0.6,0.9,0.5,0.6,1289
2,2016-09-01,0.6,0.9,0.5,0.6,1289
1,2014-09-01,0.6,0.9,0.5,0.6,1290
2,2016-09-01,0.6,0.9,0.5,0.6,1290
1,2014-09-01,0.6,0.9,0.5,0.6,1291
2,2016-09-01,0.6,0.9,0.5,0.6,1291
1,2014-09-01,0.6,0.9,0.5,0.6,1292
2,2016-09-01,0.6,0.9,0.5,0.6,1292
1,2014-09-01,0.6,0.9,0.5,0.6,1293
2,2016-09-01,0.6,0.9,0.5,0.6,1293
1,2014-09-01,0.6,0.9,0.5,0.6,1294
2,2016-09-01,0.6,0.9,0.5,0.6,1294
1,2014-09-01,0.6,0.9,0.5,0.6,1295
2,2016-09-01,0.6,0.9,0.5,0.6,1295
1,2014-09-01,0.6,0.9,0.5,0.6,1296
2,2016-09-01,0.6,0.9,0.5,0.6,1296
1,2014-09-01,0.6,0.9,0.5,0.6,1297
2,2016-09-01,0.6,0.9,0.5,0.6,1297
1,2014-09-01,0.6,0.9,0.5,0.6,1298
2,2016-09-01,0.6,0.9,0.5,0.6,1298
1,2014-09-01,0.6,0.9,0.5,0.6,1299
2,2016-09-01,0.6,0.9,0.5,0.6,1299
1,2014-09-01,0.6,0.9,0.5,0.6,1301
2,2016-09-01,0.6,0.9,0.5,0.6,1301
